game_id,date,season,game_type,opponent,venue,kobe_points,lal_score,opp_score,result
29600027,1996-11-03,1996-97,RS,MIN,Home,0,91,85,W
29600044,1996-11-06,1996-97,RS,CHH,Away,5,78,88,L
29600057,1996-11-08,1996-97,RS,TOR,Away,10,92,93,L
29600072,1996-11-10,1996-97,RS,ATL,Home,2,92,85,W
29600086,1996-11-12,1996-97,RS,HOU,Away,2,126,115,W
29600095,1996-11-13,1996-97,RS,SAS,Away,6,83,95,L
29600112,1996-11-15,1996-97,RS,LAC,Home,4,107,100,W
29600126,1996-11-17,1996-97,RS,PHX,Away,16,102,88,W
29600136,1996-11-19,1996-97,RS,GSW,Away,3,112,109,W
29600144,1996-11-20,1996-97,RS,UTA,Home,11,97,113,L
29600179,1996-11-26,1996-97,RS,PHI,Away,12,100,88,W
29600187,1996-11-27,1996-97,RS,BOS,Away,2,94,110,L
29600202,1996-11-29,1996-97,RS,DET,Away,1,84,76,W
29600219,1996-12-01,1996-97,RS,DEN,Home,2,104,96,W
29600240,1996-12-04,1996-97,RS,UTA,Away,8,75,101,L
29600270,1996-12-08,1996-97,RS,MIN,Home,11,110,86,W
29600284,1996-12-10,1996-97,RS,SAC,Away,0,92,90,W
29600330,1996-12-17,1996-97,RS,CHI,Away,5,123,129,L
29600362,1996-12-21,1996-97,RS,MIN,Away,5,88,103,L
29600382,1996-12-25,1996-97,RS,PHX,Away,0,108,87,W
29600412,1996-12-29,1996-97,RS,PHI,Home,0,115,102,W
29600432,1997-01-02,1996-97,RS,SAC,Away,4,90,83,W
29600439,1997-01-03,1996-97,RS,SAC,Home,21,100,93,W
29600454,1997-01-05,1996-97,RS,VAN,Away,16,95,82,W
29600457,1997-01-06,1996-97,RS,POR,Away,8,84,88,L
29600474,1997-01-08,1996-97,RS,CHH,Home,9,101,97,W
29600488,1997-01-10,1996-97,RS,MIA,Home,2,94,85,W
29600513,1997-01-14,1996-97,RS,VAN,Home,2,91,81,W
29600545,1997-01-18,1996-97,RS,DET,Home,21,97,100,L
29600559,1997-01-20,1996-97,RS,DAL,Home,6,109,99,W
29600590,1997-01-24,1996-97,RS,GSW,Home,17,114,97,W
29600603,1997-01-26,1996-97,RS,SEA,Away,7,104,103,W
29600613,1997-01-28,1996-97,RS,DAL,Away,12,102,83,W
29600623,1997-01-29,1996-97,RS,SAS,Away,19,99,92,W
29600654,1997-02-02,1996-97,RS,WAS,Home,13,129,99,W
29600665,1997-02-04,1996-97,RS,LAC,Away,6,86,108,L
29600673,1997-02-05,1996-97,RS,CHI,Home,5,106,90,W
29600698,1997-02-12,1996-97,RS,MIN,Away,2,100,84,W
29600704,1997-02-13,1996-97,RS,DEN,Away,9,132,117,W
29600727,1997-02-16,1996-97,RS,SEA,Home,0,91,102,L
29600748,1997-02-19,1996-97,RS,CLE,Home,10,84,103,L
29600767,1997-02-21,1996-97,RS,VAN,Home,2,99,91,W
29600781,1997-02-23,1996-97,RS,NYK,Home,0,121,127,L
29600813,1997-02-28,1996-97,RS,ATL,Away,0,75,86,L
29600828,1997-03-02,1996-97,RS,IND,Away,10,85,101,L
29600844,1997-03-04,1996-97,RS,DAL,Away,0,102,92,W
29600869,1997-03-07,1996-97,RS,HOU,Home,8,90,111,L
29600884,1997-03-09,1996-97,RS,NJN,Home,12,115,105,W
29600905,1997-03-12,1996-97,RS,GSW,Home,18,109,101,W
29600920,1997-03-14,1996-97,RS,LAC,Home,16,95,97,L
29600935,1997-03-16,1996-97,RS,TOR,Home,10,98,90,W
29600942,1997-03-17,1996-97,RS,DEN,Away,8,113,94,W
29600961,1997-03-20,1996-97,RS,CLE,Away,0,89,76,W
29600985,1997-03-23,1996-97,RS,ORL,Away,8,84,110,L
29600991,1997-03-24,1996-97,RS,NJN,Away,6,109,84,W
29601008,1997-03-26,1996-97,RS,MIL,Home,19,106,84,W
29601014,1997-03-27,1996-97,RS,VAN,Away,20,102,98,W
29601046,1997-04-01,1996-97,RS,SEA,Away,9,99,97,W
29601055,1997-04-02,1996-97,RS,DEN,Home,6,110,85,W
29601070,1997-04-04,1996-97,RS,SAS,Home,15,83,94,L
29601083,1997-04-06,1996-97,RS,DAL,Home,13,87,80,W
29601099,1997-04-08,1996-97,RS,GSW,Away,24,109,85,W
29601104,1997-04-09,1996-97,RS,UTA,Away,11,89,101,L
29601121,1997-04-11,1996-97,RS,PHX,Home,7,114,98,W
29601135,1997-04-13,1996-97,RS,UTA,Home,12,100,98,W
29601162,1997-04-17,1996-97,RS,SAC,Home,3,108,99,W
49600008,1997-04-25,1996-97,PO,POR,Home,2,95,77,W
49600013,1997-04-27,1996-97,PO,POR,Home,6,107,93,W
49600024,1997-04-30,1996-97,PO,POR,Away,22,90,98,L
49600041,1997-05-04,1996-97,PO,UTA,Away,3,77,93,L
49600044,1997-05-06,1996-97,PO,UTA,Away,2,101,103,L
49600048,1997-05-08,1996-97,PO,UTA,Home,19,104,84,W
49600052,1997-05-10,1996-97,PO,UTA,Home,9,95,110,L
49600057,1997-05-12,1996-97,PO,UTA,Away,11,93,98,L
29700012,1997-10-31,1997-98,RS,UTA,Home,23,104,87,W
29700040,1997-11-04,1997-98,RS,SAC,Away,4,101,98,W
29700062,1997-11-07,1997-98,RS,NYK,Home,4,99,94,W
29700076,1997-11-09,1997-98,RS,GSW,Home,25,132,97,W
29700126,1997-11-16,1997-98,RS,VAN,Home,11,121,95,W
29700135,1997-11-18,1997-98,RS,UTA,Away,19,97,92,W
29700144,1997-11-19,1997-98,RS,MIN,Home,20,118,93,W
29700172,1997-11-23,1997-98,RS,LAC,Home,24,119,102,W
29700177,1997-11-25,1997-98,RS,MIA,Away,16,86,103,L
29700183,1997-11-26,1997-98,RS,BOS,Away,14,118,103,W
29700194,1997-11-28,1997-98,RS,PHI,Away,19,95,105,L
29700217,1997-11-30,1997-98,RS,TOR,Home,6,105,99,W
29700233,1997-12-03,1997-98,RS,DEN,Away,10,107,89,W
29700249,1997-12-05,1997-98,RS,SAS,Home,17,98,88,W
29700262,1997-12-07,1997-98,RS,CLE,Home,21,84,94,L
29700267,1997-12-08,1997-98,RS,POR,Away,19,99,105,L
29700284,1997-12-10,1997-98,RS,GSW,Away,20,92,93,L
29700297,1997-12-12,1997-98,RS,HOU,Home,27,119,102,W
29700310,1997-12-14,1997-98,RS,DAL,Home,30,119,89,W
29700322,1997-12-16,1997-98,RS,MIN,Away,19,109,96,W
29700335,1997-12-17,1997-98,RS,CHI,Away,33,83,104,L
29700343,1997-12-19,1997-98,RS,ATL,Away,19,98,96,W
29700352,1997-12-20,1997-98,RS,CHH,Away,13,109,100,W
29700370,1997-12-22,1997-98,RS,HOU,Away,19,94,83,W
29700390,1997-12-26,1997-98,RS,LAC,Home,16,118,114,W
29700404,1997-12-28,1997-98,RS,BOS,Home,17,102,108,L
29700419,1997-12-30,1997-98,RS,SAC,Home,12,93,80,W
29700435,1998-01-02,1997-98,RS,ATL,Home,12,116,106,W
29700450,1998-01-04,1997-98,RS,PHI,Home,20,107,113,L
29700464,1998-01-06,1997-98,RS,VAN,Away,16,100,87,W
29700472,1998-01-07,1997-98,RS,MIL,Home,17,114,102,W
29700487,1998-01-09,1997-98,RS,LAC,Away,15,125,115,W
29700500,1998-01-11,1997-98,RS,CHH,Home,6,93,98,L
29700521,1998-01-14,1997-98,RS,DEN,Home,14,132,114,W
29700543,1998-01-17,1997-98,RS,MIA,Home,21,108,99,W
29700557,1998-01-19,1997-98,RS,ORL,Home,16,92,89,W
29700574,1998-01-21,1997-98,RS,PHX,Away,25,119,109,W
29700596,1998-01-24,1997-98,RS,SEA,Away,18,95,101,L
29700620,1998-01-28,1997-98,RS,NJN,Home,26,95,106,L
29700634,1998-01-30,1997-98,RS,MIN,Home,22,121,114,W
29700647,1998-02-01,1997-98,RS,CHI,Home,20,112,87,W
29700673,1998-02-04,1997-98,RS,POR,Home,26,122,115,W
29700693,1998-02-10,1997-98,RS,POR,Away,17,105,117,L
29700701,1998-02-11,1997-98,RS,GSW,Home,11,105,99,W
29700715,1998-02-13,1997-98,RS,SEA,Home,15,108,113,L
29700728,1998-02-15,1997-98,RS,HOU,Home,18,88,90,L
29700748,1998-02-18,1997-98,RS,PHX,Away,8,103,110,L
29700757,1998-02-19,1997-98,RS,DEN,Home,21,131,92,W
29700775,1998-02-22,1997-98,RS,ORL,Away,18,94,96,L
29700790,1998-02-24,1997-98,RS,MIL,Away,12,98,81,W
29700798,1998-02-25,1997-98,RS,IND,Away,8,96,89,W
29700813,1998-02-27,1997-98,RS,MIN,Away,14,104,91,W
29700823,1998-03-01,1997-98,RS,NYK,Away,14,89,101,L
29700831,1998-03-02,1997-98,RS,WAS,Away,4,86,96,L
29700848,1998-03-04,1997-98,RS,IND,Home,15,104,95,W
29700863,1998-03-06,1997-98,RS,SAS,Home,7,91,84,W
29700876,1998-03-08,1997-98,RS,DET,Home,4,96,89,W
29700896,1998-03-11,1997-98,RS,POR,Home,13,121,107,W
29700903,1998-03-12,1997-98,RS,LAC,Away,6,108,85,W
29700927,1998-03-15,1997-98,RS,VAN,Away,13,119,110,W
29700933,1998-03-16,1997-98,RS,SEA,Away,0,89,101,L
29700948,1998-03-18,1997-98,RS,PHX,Home,10,99,93,W
29700967,1998-03-20,1997-98,RS,SEA,Home,16,93,80,W
29700981,1998-03-22,1997-98,RS,SAC,Away,12,96,93,W
29700985,1998-03-23,1997-98,RS,DEN,Away,23,107,86,W
29701003,1998-03-25,1997-98,RS,SAC,Home,11,114,91,W
29701022,1998-03-28,1997-98,RS,UTA,Away,2,91,106,L
29701033,1998-03-29,1997-98,RS,WAS,Home,15,116,89,W
29701040,1998-03-31,1997-98,RS,TOR,Away,17,114,105,W
29701055,1998-04-02,1997-98,RS,NJN,Away,20,117,106,W
29701064,1998-04-03,1997-98,RS,CLE,Away,7,105,93,W
29701080,1998-04-05,1997-98,RS,DET,Away,6,105,103,W
29701106,1998-04-08,1997-98,RS,VAN,Home,14,113,102,W
29701120,1998-04-10,1997-98,RS,PHX,Home,12,105,114,L
29701127,1998-04-11,1997-98,RS,GSW,Away,10,96,84,W
29701137,1998-04-13,1997-98,RS,SAS,Away,15,99,75,W
29701145,1998-04-14,1997-98,RS,DAL,Away,19,111,95,W
29701173,1998-04-17,1997-98,RS,DAL,Home,17,124,95,W
29701187,1998-04-19,1997-98,RS,UTA,Home,25,102,98,W
49700008,1998-04-24,1997-98,PO,POR,Home,15,104,102,W
49700014,1998-04-26,1997-98,PO,POR,Home,4,108,99,W
49700022,1998-04-28,1997-98,PO,POR,Away,4,94,99,L
49700029,1998-04-30,1997-98,PO,POR,Away,22,110,99,W
49700042,1998-05-04,1997-98,PO,SEA,Away,4,92,106,L
49700059,1998-05-12,1997-98,PO,SEA,Away,7,110,95,W
49700069,1998-05-16,1997-98,PO,UTA,Away,16,77,112,L
49700071,1998-05-18,1997-98,PO,UTA,Away,9,95,99,L
49700073,1998-05-22,1997-98,PO,UTA,Home,9,98,109,L
49700075,1998-05-24,1997-98,PO,UTA,Home,6,92,96,L
29800011,1999-02-05,1998-99,RS,HOU,Home,25,99,91,W
29800025,1999-02-07,1998-99,RS,UTA,Home,16,91,100,L
29800034,1999-02-08,1998-99,RS,SAS,Away,19,80,75,W
29800048,1999-02-10,1998-99,RS,DEN,Away,21,103,98,W
29800058,1999-02-11,1998-99,RS,MIN,Away,24,75,86,L
29800071,1999-02-14,1998-99,RS,IND,Home,18,99,101,L
29800088,1999-02-16,1998-99,RS,CHH,Home,16,116,88,W
29800096,1999-02-17,1998-99,RS,DAL,Home,23,101,88,W
29800112,1999-02-19,1998-99,RS,SAS,Home,21,106,94,W
29800130,1999-02-21,1998-99,RS,SEA,Away,23,89,92,L
29800135,1999-02-22,1998-99,RS,DEN,Away,26,113,117,L
29800145,1999-02-23,1998-99,RS,VAN,Away,11,83,93,L
29800160,1999-02-25,1998-99,RS,LAC,Away,7,115,100,W
29800169,1999-02-26,1998-99,RS,LAC,Home,22,99,83,W
29800186,1999-02-28,1998-99,RS,HOU,Home,18,106,90,W
29800192,1999-03-01,1998-99,RS,PHX,Away,10,97,91,W
29800210,1999-03-03,1998-99,RS,PHX,Home,32,101,95,W
29800227,1999-03-05,1998-99,RS,SEA,Home,20,103,100,W
29800239,1999-03-07,1998-99,RS,UTA,Away,24,97,89,W
29800255,1999-03-09,1998-99,RS,LAC,Away,16,103,99,W
29800265,1999-03-10,1998-99,RS,LAC,Home,9,94,75,W
29800281,1999-03-12,1998-99,RS,GSW,Home,18,89,78,W
29800297,1999-03-14,1998-99,RS,SAC,Away,29,101,105,L
29800313,1999-03-16,1998-99,RS,MIN,Away,21,107,101,W
29800328,1999-03-18,1998-99,RS,CLE,Away,14,93,100,L
29800333,1999-03-19,1998-99,RS,PHI,Away,23,90,105,L
29800350,1999-03-21,1998-99,RS,ORL,Away,38,115,104,W
29800362,1999-03-22,1998-99,RS,DAL,Away,21,96,93,W
29800379,1999-03-24,1998-99,RS,PHX,Home,25,101,106,L
29800396,1999-03-26,1998-99,RS,SAC,Home,26,109,111,L
29800413,1999-03-28,1998-99,RS,NYK,Home,29,99,91,W
29800418,1999-03-29,1998-99,RS,VAN,Home,20,116,98,W
29800452,1999-04-02,1998-99,RS,PHX,Away,18,91,90,W
29800460,1999-04-03,1998-99,RS,GSW,Home,17,76,81,L
29800476,1999-04-05,1998-99,RS,DEN,Home,26,117,104,W
29800484,1999-04-06,1998-99,RS,UTA,Home,15,93,106,L
29800495,1999-04-07,1998-99,RS,SAC,Away,18,104,89,W
29800510,1999-04-09,1998-99,RS,MIN,Home,18,96,89,W
29800525,1999-04-11,1998-99,RS,SEA,Home,25,109,113,L
29800542,1999-04-13,1998-99,RS,POR,Away,20,86,113,L
29800574,1999-04-17,1998-99,RS,UTA,Away,17,93,109,L
29800593,1999-04-19,1998-99,RS,VAN,Home,17,117,102,W
29800600,1999-04-20,1998-99,RS,GSW,Away,27,106,102,W
29800610,1999-04-21,1998-99,RS,POR,Away,22,82,88,L
29800629,1999-04-24,1998-99,RS,SAS,Away,11,81,108,L
29800646,1999-04-26,1998-99,RS,HOU,Away,9,80,102,L
29800672,1999-04-29,1998-99,RS,POR,Home,15,108,89,W
29800698,1999-05-02,1998-99,RS,SEA,Away,28,91,84,W
29800703,1999-05-03,1998-99,RS,DAL,Home,17,115,102,W
29800723,1999-05-05,1998-99,RS,POR,Home,11,119,91,W
49800007,1999-05-09,1998-99,PO,HOU,Home,17,101,100,W
49800016,1999-05-11,1998-99,PO,HOU,Home,19,110,98,W
49800024,1999-05-13,1998-99,PO,HOU,Away,13,88,102,L
49800032,1999-05-15,1998-99,PO,HOU,Away,24,98,88,W
49800042,1999-05-17,1998-99,PO,SAS,Away,21,81,87,L
49800046,1999-05-19,1998-99,PO,SAS,Away,28,76,79,L
49800051,1999-05-22,1998-99,PO,SAS,Home,20,91,103,L
49800054,1999-05-23,1998-99,PO,SAS,Home,16,107,118,L
29900214,1999-12-01,1999-00,RS,GSW,Home,19,93,75,W
29900230,1999-12-03,1999-00,RS,POR,Home,23,93,80,W
29900245,1999-12-05,1999-00,RS,ORL,Home,15,117,100,W
29900258,1999-12-07,1999-00,RS,WAS,Home,21,91,80,W
29900267,1999-12-08,1999-00,RS,SAC,Away,27,91,103,L
29900293,1999-12-11,1999-00,RS,VAN,Away,14,106,94,W
29900296,1999-12-12,1999-00,RS,DET,Home,26,101,93,W
29900305,1999-12-14,1999-00,RS,LAC,Home,18,95,68,W
29900318,1999-12-16,1999-00,RS,ATL,Away,30,95,88,W
29900327,1999-12-17,1999-00,RS,MIN,Away,28,97,88,W
29900344,1999-12-19,1999-00,RS,TOR,Away,26,94,88,W
29900346,1999-12-20,1999-00,RS,BOS,Away,27,99,90,W
29900379,1999-12-25,1999-00,RS,SAS,Home,18,99,93,W
29900394,1999-12-27,1999-00,RS,DAL,Home,25,108,106,W
29900409,1999-12-29,1999-00,RS,PHX,Home,18,103,87,W
29900440,2000-01-04,1999-00,RS,LAC,Away,29,122,98,W
29900447,2000-01-05,1999-00,RS,LAC,Home,26,118,101,W
29900461,2000-01-07,1999-00,RS,CHH,Home,13,87,83,W
29900473,2000-01-08,1999-00,RS,SEA,Away,31,110,100,W
29900483,2000-01-10,1999-00,RS,DEN,Home,30,130,95,W
29900496,2000-01-12,1999-00,RS,MIL,Away,22,103,94,W
29900509,2000-01-14,1999-00,RS,IND,Away,18,102,111,L
29900522,2000-01-15,1999-00,RS,MIN,Away,22,104,91,W
29900537,2000-01-17,1999-00,RS,SEA,Home,15,81,82,L
29900551,2000-01-19,1999-00,RS,CLE,Home,25,95,86,W
29900571,2000-01-22,1999-00,RS,POR,Home,28,91,95,L
29900582,2000-01-24,1999-00,RS,UTA,Away,26,101,105,L
29900611,2000-01-28,1999-00,RS,MIL,Home,23,117,89,W
29900624,2000-01-30,1999-00,RS,HOU,Away,17,83,89,L
29900635,2000-02-01,1999-00,RS,SAS,Away,19,81,105,L
29900658,2000-02-04,1999-00,RS,UTA,Home,13,113,67,W
29900680,2000-02-07,1999-00,RS,DEN,Home,29,106,98,W
29900698,2000-02-09,1999-00,RS,MIN,Home,24,114,81,W
29900708,2000-02-15,1999-00,RS,CHI,Away,21,88,76,W
29900718,2000-02-16,1999-00,RS,CHH,Away,26,92,85,W
29900729,2000-02-18,1999-00,RS,ORL,Away,11,107,99,W
29900743,2000-02-20,1999-00,RS,PHI,Away,18,87,84,W
29900758,2000-02-22,1999-00,RS,NJN,Away,21,97,89,W
29900768,2000-02-23,1999-00,RS,CLE,Away,21,116,98,W
29900787,2000-02-25,1999-00,RS,BOS,Home,17,109,96,W
29900800,2000-02-27,1999-00,RS,HOU,Home,31,101,85,W
29900816,2000-02-29,1999-00,RS,POR,Away,22,90,87,W
29900821,2000-03-01,1999-00,RS,VAN,Home,27,103,91,W
29900835,2000-03-03,1999-00,RS,IND,Home,22,107,92,W
29900849,2000-03-05,1999-00,RS,MIA,Home,15,93,80,W
29900856,2000-03-06,1999-00,RS,LAC,Away,22,123,103,W
29900878,2000-03-09,1999-00,RS,GSW,Away,30,109,92,W
29900901,2000-03-12,1999-00,RS,SAC,Home,40,109,106,W
29900906,2000-03-13,1999-00,RS,DEN,Away,22,118,108,W
29900923,2000-03-16,1999-00,RS,WAS,Away,7,102,109,L
29900934,2000-03-17,1999-00,RS,DET,Away,25,110,82,W
29900947,2000-03-19,1999-00,RS,NYK,Away,24,92,85,W
29900955,2000-03-20,1999-00,RS,MIA,Away,23,100,89,W
29900977,2000-03-22,1999-00,RS,GSW,Home,18,119,96,W
29900990,2000-03-24,1999-00,RS,PHX,Home,28,109,101,W
29901006,2000-03-26,1999-00,RS,SAC,Away,24,90,89,W
29901025,2000-03-29,1999-00,RS,VAN,Away,28,108,99,W
29901039,2000-03-31,1999-00,RS,PHI,Home,10,100,88,W
29901052,2000-04-02,1999-00,RS,NYK,Home,17,106,82,W
29901073,2000-04-05,1999-00,RS,GSW,Away,16,111,104,W
29901097,2000-04-08,1999-00,RS,SAS,Home,26,80,98,L
29901114,2000-04-10,1999-00,RS,SEA,Home,33,106,103,W
29901144,2000-04-14,1999-00,RS,SAC,Home,31,121,114,W
29901159,2000-04-16,1999-00,RS,MIN,Home,25,101,95,W
29901171,2000-04-18,1999-00,RS,DAL,Away,16,102,112,L
29901185,2000-04-19,1999-00,RS,SAS,Away,23,98,103,L
49900007,2000-04-23,1999-00,PO,SAC,Home,23,117,107,W
49900016,2000-04-27,1999-00,PO,SAC,Home,32,113,89,W
49900024,2000-04-30,1999-00,PO,SAC,Away,35,91,99,L
49900028,2000-05-02,1999-00,PO,SAC,Away,32,88,101,L
49900039,2000-05-05,1999-00,PO,SAC,Home,17,113,86,W
49900055,2000-05-07,1999-00,PO,PHX,Home,25,105,77,W
49900056,2000-05-10,1999-00,PO,PHX,Home,15,97,96,W
49900057,2000-05-12,1999-00,PO,PHX,Away,25,105,99,W
49900058,2000-05-14,1999-00,PO,PHX,Away,23,98,117,L
49900059,2000-05-16,1999-00,PO,PHX,Home,17,87,65,W
49900069,2000-05-20,1999-00,PO,POR,Home,13,109,94,W
49900070,2000-05-22,1999-00,PO,POR,Home,12,77,106,L
49900071,2000-05-26,1999-00,PO,POR,Away,25,93,91,W
49900072,2000-05-28,1999-00,PO,POR,Away,18,103,91,W
49900073,2000-05-30,1999-00,PO,POR,Home,17,88,96,L
49900074,2000-06-02,1999-00,PO,POR,Away,33,93,103,L
49900075,2000-06-04,1999-00,PO,POR,Home,25,89,84,W
49900083,2000-06-07,1999-00,PO,IND,Home,14,104,87,W
49900084,2000-06-09,1999-00,PO,IND,Home,2,111,104,W
49900086,2000-06-14,1999-00,PO,IND,Away,28,120,118,W
49900087,2000-06-16,1999-00,PO,IND,Away,8,87,120,L
49900088,2000-06-19,1999-00,PO,IND,Home,26,116,111,W
20000012,2000-10-31,2000-01,RS,POR,Away,14,96,86,W
20000019,2000-11-01,2000-01,RS,UTA,Home,31,92,97,L
20000047,2000-11-04,2000-01,RS,VAN,Away,22,98,89,W
20000049,2000-11-05,2000-01,RS,LAC,Home,21,108,103,W
20000058,2000-11-07,2000-01,RS,HOU,Away,15,74,84,L
20000068,2000-11-08,2000-01,RS,SAS,Away,32,81,91,L
20000098,2000-11-12,2000-01,RS,HOU,Home,37,105,99,W
20000108,2000-11-14,2000-01,RS,DEN,Home,31,119,103,W
20000124,2000-11-16,2000-01,RS,SAC,Away,31,112,110,W
20000140,2000-11-18,2000-01,RS,DEN,Away,32,86,87,L
20000147,2000-11-19,2000-01,RS,CHI,Home,22,104,96,W
20000168,2000-11-22,2000-01,RS,GSW,Home,31,111,91,W
20000180,2000-11-24,2000-01,RS,MIN,Home,29,115,108,W
20000198,2000-11-27,2000-01,RS,LAC,Away,29,98,83,W
20000206,2000-11-28,2000-01,RS,IND,Home,37,124,107,W
20000222,2000-11-30,2000-01,RS,SEA,Away,17,88,121,L
20000230,2000-12-01,2000-01,RS,SAS,Home,43,109,100,W
20000246,2000-12-03,2000-01,RS,DAL,Home,38,99,97,W
20000258,2000-12-05,2000-01,RS,PHI,Home,36,96,85,W
20000267,2000-12-06,2000-01,RS,GSW,Away,51,122,125,L
20000280,2000-12-08,2000-01,RS,SEA,Home,19,95,103,L
20000297,2000-12-10,2000-01,RS,DET,Home,26,112,88,W
20000309,2000-12-12,2000-01,RS,MIL,Home,25,105,109,L
20000320,2000-12-13,2000-01,RS,POR,Away,35,86,96,L
20000334,2000-12-15,2000-01,RS,VAN,Home,17,98,76,W
20000347,2000-12-17,2000-01,RS,TOR,Away,40,104,101,W
20000352,2000-12-19,2000-01,RS,MIA,Away,23,81,79,W
20000373,2000-12-21,2000-01,RS,HOU,Away,45,99,94,W
20000379,2000-12-22,2000-01,RS,DAL,Away,35,108,103,W
20000397,2000-12-25,2000-01,RS,POR,Home,29,104,109,L
20000420,2000-12-28,2000-01,RS,PHX,Away,38,115,78,W
20000434,2000-12-30,2000-01,RS,LAC,Away,17,116,114,W
20000456,2001-01-03,2000-01,RS,UTA,Home,31,82,71,W
20000484,2001-01-07,2000-01,RS,LAC,Home,27,95,118,L
20000519,2001-01-12,2000-01,RS,CLE,Home,32,101,98,W
20000529,2001-01-13,2000-01,RS,UTA,Away,27,103,111,L
20000545,2001-01-15,2000-01,RS,VAN,Home,26,113,112,W
20000571,2001-01-19,2000-01,RS,HOU,Home,29,114,101,W
20000583,2001-01-21,2000-01,RS,MIA,Home,34,92,103,L
20000599,2001-01-23,2000-01,RS,SEA,Away,21,80,91,L
20000616,2001-01-26,2000-01,RS,NJN,Home,26,113,101,W
20000629,2001-01-28,2000-01,RS,NYK,Away,33,81,91,L
20000641,2001-01-30,2000-01,RS,CLE,Away,47,102,96,W
20000651,2001-01-31,2000-01,RS,MIN,Away,24,83,96,L
20000666,2001-02-02,2000-01,RS,CHH,Home,44,93,87,W
20000682,2001-02-04,2000-01,RS,SAC,Home,26,100,94,W
20000702,2001-02-07,2000-01,RS,PHX,Home,32,85,83,W
20000710,2001-02-13,2000-01,RS,NJN,Away,38,113,110,W
20000723,2001-02-14,2000-01,RS,PHI,Away,18,97,112,L
20000739,2001-02-16,2000-01,RS,CHH,Away,25,99,94,W
20000753,2001-02-18,2000-01,RS,IND,Away,33,109,110,L
20000767,2001-02-20,2000-01,RS,DAL,Away,19,119,109,W
20000828,2001-02-28,2000-01,RS,DEN,Away,38,101,107,L
20000852,2001-03-03,2000-01,RS,VAN,Away,20,98,88,W
20000860,2001-03-04,2000-01,RS,GSW,Home,22,110,95,W
20000871,2001-03-06,2000-01,RS,GSW,Away,29,97,85,W
20000884,2001-03-07,2000-01,RS,TOR,Home,29,97,85,W
20000896,2001-03-09,2000-01,RS,SAS,Home,38,89,93,L
20000936,2001-03-15,2000-01,RS,DET,Away,39,125,119,W
20000942,2001-03-16,2000-01,RS,WAS,Away,26,101,89,W
20000958,2001-03-18,2000-01,RS,ORL,Away,16,95,90,W
20000965,2001-03-19,2000-01,RS,ATL,Away,27,106,108,L
20000981,2001-03-21,2000-01,RS,MIL,Away,13,100,107,L
20001059,2001-04-01,2000-01,RS,NYK,Home,0,78,79,L
20001121,2001-04-10,2000-01,RS,PHX,Home,20,106,80,W
20001136,2001-04-12,2000-01,RS,MIN,Home,30,119,102,W
20001162,2001-04-15,2000-01,RS,POR,Home,25,105,100,W
20001177,2001-04-17,2000-01,RS,DEN,Home,26,108,91,W
40000005,2001-04-22,2000-01,PO,POR,Home,28,106,93,W
40000015,2001-04-26,2000-01,PO,POR,Home,25,106,88,W
40000022,2001-04-29,2000-01,PO,POR,Away,22,99,86,W
40000043,2001-05-06,2000-01,PO,SAC,Home,29,108,105,W
40000049,2001-05-08,2000-01,PO,SAC,Home,27,96,90,W
40000050,2001-05-11,2000-01,PO,SAC,Away,36,103,81,W
40000051,2001-05-13,2000-01,PO,SAC,Away,48,119,113,W
40000069,2001-05-19,2000-01,PO,SAS,Away,45,104,90,W
40000070,2001-05-21,2000-01,PO,SAS,Away,28,88,81,W
40000071,2001-05-25,2000-01,PO,SAS,Home,36,111,72,W
40000072,2001-05-27,2000-01,PO,SAS,Home,24,111,82,W
40000083,2001-06-06,2000-01,PO,PHI,Home,15,101,107,L
40000084,2001-06-08,2000-01,PO,PHI,Home,31,98,89,W
40000085,2001-06-10,2000-01,PO,PHI,Away,32,96,91,W
40000086,2001-06-13,2000-01,PO,PHI,Away,19,100,86,W
40000087,2001-06-15,2000-01,PO,PHI,Away,26,108,96,W
20100012,2001-10-30,2001-02,RS,POR,Home,29,98,87,W
20100023,2001-11-01,2001-02,RS,UTA,Away,39,105,101,W
20100033,2001-11-02,2001-02,RS,PHX,Home,24,117,94,W
20100051,2001-11-04,2001-02,RS,UTA,Home,38,100,96,W
20100083,2001-11-09,2001-02,RS,MEM,Home,13,110,86,W
20100097,2001-11-11,2001-02,RS,ORL,Home,28,108,95,W
20100119,2001-11-15,2001-02,RS,HOU,Away,31,98,97,W
20100127,2001-11-16,2001-02,RS,PHX,Away,18,83,95,L
20100143,2001-11-18,2001-02,RS,SAC,Home,29,93,85,W
20100152,2001-11-20,2001-02,RS,LAC,Away,25,98,93,W
20100161,2001-11-21,2001-02,RS,DEN,Away,24,89,68,W
20100178,2001-11-23,2001-02,RS,GSW,Home,28,106,90,W
20100192,2001-11-25,2001-02,RS,DEN,Home,25,105,98,W
20100204,2001-11-27,2001-02,RS,MIL,Home,33,104,85,W
20100225,2001-11-30,2001-02,RS,SEA,Away,30,107,92,W
20100235,2001-12-01,2001-02,RS,MIN,Home,18,102,76,W
20100259,2001-12-05,2001-02,RS,DAL,Home,19,98,94,W
20100271,2001-12-07,2001-02,RS,SAC,Away,23,91,97,L
20100301,2001-12-11,2001-02,RS,SEA,Home,16,93,104,L
20100320,2001-12-14,2001-02,RS,LAC,Home,25,110,80,W
20100336,2001-12-16,2001-02,RS,GSW,Home,28,101,85,W
20100360,2001-12-20,2001-02,RS,HOU,Away,27,107,101,W
20100367,2001-12-21,2001-02,RS,MEM,Away,36,108,114,L
20100387,2001-12-25,2001-02,RS,PHI,Home,12,88,82,W
20100399,2001-12-26,2001-02,RS,GSW,Away,39,90,101,L
20100413,2001-12-28,2001-02,RS,TOR,Home,26,86,89,L
20100428,2001-12-30,2001-02,RS,HOU,Home,16,114,90,W
20100440,2002-01-02,2001-02,RS,DEN,Away,28,87,86,W
20100456,2002-01-04,2001-02,RS,PHX,Home,18,118,86,W
20100468,2002-01-06,2001-02,RS,TOR,Away,31,109,89,W
20100482,2002-01-08,2001-02,RS,DET,Away,20,121,92,W
20100490,2002-01-09,2001-02,RS,IND,Away,31,109,90,W
20100506,2002-01-11,2001-02,RS,MIN,Away,23,102,120,L
20100514,2002-01-12,2001-02,RS,CHI,Away,26,104,106,L
20100525,2002-01-14,2001-02,RS,MEM,Home,56,120,81,W
20100542,2002-01-16,2001-02,RS,MIA,Home,29,96,102,L
20100558,2002-01-19,2001-02,RS,SAS,Away,28,98,81,W
20100588,2002-01-22,2001-02,RS,DEN,Home,15,91,107,L
20100595,2002-01-23,2001-02,RS,LAC,Away,27,90,95,L
20100609,2002-01-25,2001-02,RS,SAS,Home,27,94,91,W
20100622,2002-01-27,2001-02,RS,PHI,Away,20,87,93,L
20100628,2002-01-29,2001-02,RS,ATL,Away,32,127,93,W
20100639,2002-01-30,2001-02,RS,ORL,Away,23,111,93,W
20100653,2002-02-01,2001-02,RS,MEM,Away,13,100,85,W
20100668,2002-02-03,2001-02,RS,DAL,Away,24,101,94,W
20100691,2002-02-06,2001-02,RS,CHI,Home,38,89,97,L
20100707,2002-02-12,2001-02,RS,WAS,Home,23,103,94,W
20100720,2002-02-14,2001-02,RS,SEA,Away,23,92,87,W
20100730,2002-02-15,2001-02,RS,ATL,Home,21,90,93,L
20100741,2002-02-17,2001-02,RS,POR,Away,28,105,111,L
20100758,2002-02-19,2001-02,RS,BOS,Home,27,108,109,L
20100768,2002-02-21,2001-02,RS,CLE,Away,32,104,97,W
20100778,2002-02-22,2001-02,RS,CHH,Away,21,96,94,W
20100790,2002-02-24,2001-02,RS,NYK,Away,27,107,91,W
20100803,2002-02-26,2001-02,RS,MIL,Away,27,99,89,W
20100816,2002-02-27,2001-02,RS,MIN,Away,20,101,112,L
20100830,2002-03-01,2001-02,RS,IND,Home,25,96,84,W
20100865,2002-03-06,2001-02,RS,UTA,Away,26,84,92,L
20100898,2002-03-10,2001-02,RS,NYK,Home,18,117,103,W
20100914,2002-03-12,2001-02,RS,CHH,Home,23,107,66,W
20100926,2002-03-14,2001-02,RS,GSW,Away,21,110,102,W
20100934,2002-03-15,2001-02,RS,LAC,Home,33,98,92,W
20100950,2002-03-17,2001-02,RS,DAL,Home,14,105,103,W
20100962,2002-03-19,2001-02,RS,DAL,Away,12,98,114,L
20100970,2002-03-20,2001-02,RS,SAS,Away,20,90,108,L
20100986,2002-03-22,2001-02,RS,DET,Home,18,94,82,W
20101000,2002-03-24,2001-02,RS,SAC,Away,29,97,96,W
20101016,2002-03-26,2001-02,RS,CLE,Home,17,121,116,W
20101022,2002-03-27,2001-02,RS,PHX,Away,36,106,118,L
20101040,2002-03-29,2001-02,RS,POR,Home,34,91,79,W
20101055,2002-03-31,2001-02,RS,SAS,Home,31,96,95,W
20101057,2002-04-02,2001-02,RS,WAS,Away,14,113,93,W
20101069,2002-04-03,2001-02,RS,NJN,Away,33,92,94,L
20101084,2002-04-05,2001-02,RS,BOS,Away,26,81,99,L
20101100,2002-04-07,2001-02,RS,MIA,Away,19,96,88,W
20101121,2002-04-09,2001-02,RS,UTA,Home,22,112,82,W
20101136,2002-04-11,2001-02,RS,MIN,Home,28,96,83,W
20101159,2002-04-14,2001-02,RS,POR,Away,23,120,128,L
20101164,2002-04-15,2001-02,RS,SEA,Home,19,111,104,W
20101188,2002-04-17,2001-02,RS,SAC,Home,21,109,95,W
40100161,2002-04-21,2001-02,PO,POR,Home,34,95,87,W
40100162,2002-04-25,2001-02,PO,POR,Home,19,103,96,W
40100163,2002-04-28,2001-02,PO,POR,Away,25,92,91,W
40100231,2002-05-05,2001-02,PO,SAS,Home,20,86,80,W
40100232,2002-05-07,2001-02,PO,SAS,Home,26,85,88,L
40100233,2002-05-10,2001-02,PO,SAS,Away,31,99,89,W
40100234,2002-05-12,2001-02,PO,SAS,Away,28,87,85,W
40100235,2002-05-14,2001-02,PO,SAS,Home,26,93,87,W
40100311,2002-05-18,2001-02,PO,SAC,Away,30,106,99,W
40100312,2002-05-20,2001-02,PO,SAC,Away,22,90,96,L
40100313,2002-05-24,2001-02,PO,SAC,Home,22,90,103,L
40100314,2002-05-26,2001-02,PO,SAC,Home,25,100,99,W
40100315,2002-05-28,2001-02,PO,SAC,Away,30,91,92,L
40100316,2002-05-31,2001-02,PO,SAC,Home,31,106,102,W
40100317,2002-06-02,2001-02,PO,SAC,Away,30,112,106,W
40100401,2002-06-05,2001-02,PO,NJN,Home,22,99,94,W
40100402,2002-06-07,2001-02,PO,NJN,Home,24,106,83,W
40100403,2002-06-09,2001-02,PO,NJN,Away,36,106,103,W
40100404,2002-06-12,2001-02,PO,NJN,Away,25,113,107,W
20200003,2002-10-29,2002-03,RS,SAS,Home,27,82,87,L
20200014,2002-10-30,2002-03,RS,POR,Away,25,90,102,L
20200029,2002-11-01,2002-03,RS,LAC,Away,33,108,93,W
20200045,2002-11-03,2002-03,RS,POR,Home,33,98,95,W
20200053,2002-11-05,2002-03,RS,CLE,Away,15,70,89,L
20200069,2002-11-07,2002-03,RS,BOS,Away,41,95,98,L
20200076,2002-11-08,2002-03,RS,WAS,Away,27,99,100,L
20200106,2002-11-12,2002-03,RS,ATL,Home,21,83,95,L
20200127,2002-11-15,2002-03,RS,GSW,Home,45,96,89,W
20200142,2002-11-17,2002-03,RS,HOU,Home,46,89,93,L
20200151,2002-11-19,2002-03,RS,DAL,Away,16,72,98,L
20200160,2002-11-20,2002-03,RS,SAS,Away,24,88,95,L
20200178,2002-11-22,2002-03,RS,CHI,Home,21,86,73,W
20200194,2002-11-24,2002-03,RS,MIL,Home,15,111,99,W
20200199,2002-11-26,2002-03,RS,MIA,Away,21,85,97,L
20200206,2002-11-27,2002-03,RS,ORL,Away,38,102,112,L
20200223,2002-11-29,2002-03,RS,MEM,Away,45,112,106,W
20200243,2002-12-01,2002-03,RS,MIN,Home,22,107,110,L
20200254,2002-12-03,2002-03,RS,MEM,Home,24,101,91,W
20200262,2002-12-04,2002-03,RS,UTA,Away,17,85,93,L
20200278,2002-12-06,2002-03,RS,DAL,Home,27,105,103,W
20200292,2002-12-08,2002-03,RS,UTA,Home,25,110,101,W
20200305,2002-12-10,2002-03,RS,GSW,Away,19,102,106,L
20200326,2002-12-13,2002-03,RS,NOH,Home,16,82,98,L
20200341,2002-12-15,2002-03,RS,ORL,Home,21,107,84,W
20200352,2002-12-17,2002-03,RS,MIN,Away,15,80,96,L
20200367,2002-12-19,2002-03,RS,NJN,Away,21,71,98,L
20200372,2002-12-20,2002-03,RS,PHI,Away,44,104,107,L
20200392,2002-12-22,2002-03,RS,TOR,Away,31,109,107,W
20200404,2002-12-25,2002-03,RS,SAC,Home,27,99,105,L
20200425,2002-12-28,2002-03,RS,DEN,Away,39,112,93,W
20200431,2002-12-29,2002-03,RS,TOR,Home,13,104,88,W
20200471,2003-01-04,2002-03,RS,PHX,Away,37,93,107,L
20200476,2003-01-05,2002-03,RS,PHX,Home,31,109,97,W
20200490,2003-01-07,2002-03,RS,SEA,Home,45,119,98,W
20200516,2003-01-10,2002-03,RS,CLE,Home,21,115,99,W
20200530,2003-01-12,2002-03,RS,MIA,Home,36,106,81,W
20200546,2003-01-15,2002-03,RS,NOH,Away,36,90,82,W
20200563,2003-01-17,2002-03,RS,HOU,Away,22,104,108,L
20200587,2003-01-20,2002-03,RS,LAC,Home,26,96,92,W
20200602,2003-01-22,2002-03,RS,GSW,Home,23,110,114,L
20200616,2003-01-24,2002-03,RS,NJN,Home,11,83,89,L
20200651,2003-01-29,2002-03,RS,PHX,Away,40,99,90,W
20200667,2003-01-31,2002-03,RS,SAC,Away,38,124,113,W
20200676,2003-02-01,2002-03,RS,UTA,Home,42,99,87,W
20200691,2003-02-04,2002-03,RS,IND,Away,35,97,94,W
20200705,2003-02-06,2002-03,RS,NYK,Away,46,114,109,W
20200719,2003-02-11,2002-03,RS,DEN,Home,42,121,93,W
20200727,2003-02-12,2002-03,RS,DEN,Away,51,113,102,W
20200743,2003-02-14,2002-03,RS,SAS,Home,44,95,103,L
20200757,2003-02-16,2002-03,RS,NYK,Home,40,110,117,L
20200769,2003-02-18,2002-03,RS,HOU,Home,52,106,99,W
20200774,2003-02-19,2002-03,RS,UTA,Away,40,93,87,W
20200790,2003-02-21,2002-03,RS,POR,Home,40,92,84,W
20200806,2003-02-23,2002-03,RS,SEA,Home,41,106,101,W
20200820,2003-02-25,2002-03,RS,LAC,Home,32,109,98,W
20200833,2003-02-27,2002-03,RS,DET,Home,30,95,85,W
20200842,2003-02-28,2002-03,RS,SEA,Away,34,90,107,L
20200880,2003-03-05,2002-03,RS,IND,Home,20,97,95,W
20200890,2003-03-07,2002-03,RS,MIN,Home,30,106,96,W
20200901,2003-03-09,2002-03,RS,PHI,Home,28,106,92,W
20200917,2003-03-11,2002-03,RS,CHI,Away,36,99,116,L
20200925,2003-03-12,2002-03,RS,DET,Away,21,88,111,L
20200938,2003-03-14,2002-03,RS,MIN,Away,30,106,99,W
20200946,2003-03-15,2002-03,RS,MIL,Away,20,98,94,W
20200960,2003-03-17,2002-03,RS,LAC,Away,26,102,85,W
20200983,2003-03-20,2002-03,RS,SAC,Away,34,99,107,L
20200993,2003-03-21,2002-03,RS,BOS,Home,13,104,96,W
20201003,2003-03-23,2002-03,RS,SAS,Away,31,89,98,L
20201017,2003-03-25,2002-03,RS,ATL,Away,28,108,91,W
20201028,2003-03-26,2002-03,RS,HOU,Away,31,96,93,W
20201046,2003-03-28,2002-03,RS,WAS,Home,55,108,94,W
20201062,2003-03-30,2002-03,RS,SEA,Away,14,98,119,L
20201066,2003-03-31,2002-03,RS,MEM,Home,29,110,94,W
20201086,2003-04-03,2002-03,RS,DAL,Away,19,100,89,W
20201093,2003-04-04,2002-03,RS,MEM,Away,21,102,101,W
20201113,2003-04-06,2002-03,RS,PHX,Home,26,115,113,W
20201123,2003-04-08,2002-03,RS,DAL,Home,14,108,99,W
20201136,2003-04-10,2002-03,RS,SAC,Home,34,117,104,W
20201159,2003-04-13,2002-03,RS,POR,Away,36,99,101,L
20201176,2003-04-15,2002-03,RS,DEN,Home,32,126,104,W
20201189,2003-04-16,2002-03,RS,GSW,Away,44,117,111,W
40200171,2003-04-20,2002-03,PO,MIN,Away,39,117,98,W
40200172,2003-04-22,2002-03,PO,MIN,Away,27,91,119,L
40200173,2003-04-24,2002-03,PO,MIN,Home,30,110,114,L
40200174,2003-04-27,2002-03,PO,MIN,Home,32,102,97,W
40200175,2003-04-29,2002-03,PO,MIN,Away,32,120,90,W
40200176,2003-05-01,2002-03,PO,MIN,Home,31,101,85,W
40200221,2003-05-05,2002-03,PO,SAS,Away,37,82,87,L
40200222,2003-05-07,2002-03,PO,SAS,Away,27,95,114,L
40200223,2003-05-09,2002-03,PO,SAS,Home,39,110,95,W
40200224,2003-05-11,2002-03,PO,SAS,Home,35,99,95,W
40200225,2003-05-13,2002-03,PO,SAS,Away,36,94,96,L
40200226,2003-05-15,2002-03,PO,SAS,Home,20,82,110,L
20300037,2003-11-01,2003-04,RS,PHX,Away,15,103,99,W
20300040,2003-11-02,2003-04,RS,GSW,Home,21,87,72,W
20300050,2003-11-04,2003-04,RS,MIL,Away,31,113,107,W
20300064,2003-11-06,2003-04,RS,SAS,Away,37,120,117,W
20300070,2003-11-07,2003-04,RS,NOH,Away,11,95,114,L
20300091,2003-11-10,2003-04,RS,MEM,Away,19,95,105,L
20300111,2003-11-12,2003-04,RS,TOR,Home,19,94,79,W
20300124,2003-11-14,2003-04,RS,DET,Home,16,94,89,W
20300138,2003-11-16,2003-04,RS,MIA,Home,27,99,77,W
20300146,2003-11-18,2003-04,RS,DET,Away,19,96,106,L
20300156,2003-11-19,2003-04,RS,NYK,Away,21,104,83,W
20300172,2003-11-21,2003-04,RS,CHI,Home,28,101,94,W
20300187,2003-11-23,2003-04,RS,MEM,Home,28,121,89,W
20300208,2003-11-26,2003-04,RS,WAS,Home,22,120,99,W
20300222,2003-11-28,2003-04,RS,SAS,Home,17,103,87,W
20300234,2003-11-30,2003-04,RS,IND,Home,12,99,77,W
20300251,2003-12-03,2003-04,RS,SAS,Away,21,90,86,W
20300258,2003-12-04,2003-04,RS,DAL,Away,32,114,103,W
20300284,2003-12-07,2003-04,RS,UTA,Home,19,94,92,W
20300298,2003-12-09,2003-04,RS,NYK,Home,21,98,90,W
20300318,2003-12-12,2003-04,RS,DAL,Home,15,93,110,L
20300326,2003-12-13,2003-04,RS,POR,Away,35,108,112,L
20300369,2003-12-19,2003-04,RS,DEN,Home,13,101,99,W
20300385,2003-12-21,2003-04,RS,PHX,Home,10,107,101,W
20300400,2003-12-23,2003-04,RS,GSW,Away,23,98,107,L
20300403,2003-12-25,2003-04,RS,HOU,Home,23,87,99,L
20300429,2003-12-28,2003-04,RS,BOS,Home,11,105,82,W
20300462,2004-01-02,2003-04,RS,SEA,Away,32,109,111,L
20300476,2004-01-04,2003-04,RS,LAC,Away,44,98,101,L
20300488,2004-01-06,2003-04,RS,MIN,Away,20,90,106,L
20300500,2004-01-07,2003-04,RS,DEN,Away,27,91,113,L
20300515,2004-01-09,2003-04,RS,ATL,Home,26,113,67,W
20300531,2004-01-12,2003-04,RS,CLE,Home,10,89,79,W
20300625,2004-01-24,2003-04,RS,UTA,Away,21,93,86,W
20300655,2004-01-28,2003-04,RS,SEA,Home,14,96,82,W
20300756,2004-02-11,2003-04,RS,HOU,Away,14,87,102,L
20300772,2004-02-17,2003-04,RS,POR,Home,31,89,86,W
20300780,2004-02-18,2003-04,RS,GSW,Away,35,100,99,W
20300793,2004-02-20,2003-04,RS,PHI,Home,28,116,88,W
20300808,2004-02-22,2003-04,RS,PHX,Away,40,104,92,W
20300831,2004-02-25,2003-04,RS,DEN,Away,35,112,111,W
20300836,2004-02-26,2003-04,RS,SAC,Home,35,101,103,L
20300848,2004-02-28,2003-04,RS,WAS,Away,25,122,110,W
20300858,2004-02-29,2003-04,RS,NJN,Away,11,100,83,W
20300881,2004-03-03,2003-04,RS,HOU,Away,18,96,93,W
20300926,2004-03-10,2003-04,RS,BOS,Away,18,117,109,W
20300943,2004-03-12,2003-04,RS,MIN,Away,16,86,96,L
20300952,2004-03-13,2003-04,RS,CHI,Away,35,88,81,W
20300966,2004-03-15,2003-04,RS,ORL,Home,38,113,110,W
20300981,2004-03-17,2003-04,RS,LAC,Away,27,106,103,W
20300995,2004-03-19,2003-04,RS,LAC,Home,27,106,100,W
20301012,2004-03-21,2003-04,RS,MIL,Home,22,104,103,W
20301033,2004-03-24,2003-04,RS,SAC,Home,36,115,91,W
20301046,2004-03-26,2003-04,RS,MIN,Home,35,90,73,W
20301063,2004-03-28,2003-04,RS,UTA,Home,34,91,84,W
20301075,2004-03-30,2003-04,RS,NOH,Home,23,107,88,W
20301088,2004-04-01,2003-04,RS,HOU,Home,26,93,85,W
20301100,2004-04-02,2003-04,RS,SEA,Away,25,97,86,W
20301110,2004-04-04,2003-04,RS,SAS,Home,28,89,95,L
20301121,2004-04-06,2003-04,RS,POR,Home,12,80,91,L
20301145,2004-04-09,2003-04,RS,MEM,Home,33,103,95,W
20301157,2004-04-11,2003-04,RS,SAC,Away,8,85,102,L
20301175,2004-04-13,2003-04,RS,GSW,Home,45,109,104,W
20301187,2004-04-14,2003-04,RS,POR,Away,37,105,104,W
40300151,2004-04-17,2003-04,PO,HOU,Home,16,72,71,W
40300152,2004-04-19,2003-04,PO,HOU,Home,36,98,84,W
40300153,2004-04-23,2003-04,PO,HOU,Away,21,91,102,L
40300154,2004-04-25,2003-04,PO,HOU,Away,18,92,88,W
40300155,2004-04-28,2003-04,PO,HOU,Home,31,97,78,W
40300231,2004-05-02,2003-04,PO,SAS,Away,31,78,88,L
40300232,2004-05-05,2003-04,PO,SAS,Away,15,85,95,L
40300233,2004-05-09,2003-04,PO,SAS,Home,22,105,81,W
40300234,2004-05-11,2003-04,PO,SAS,Home,42,98,90,W
40300235,2004-05-13,2003-04,PO,SAS,Away,22,74,73,W
40300236,2004-05-15,2003-04,PO,SAS,Home,26,88,76,W
40300311,2004-05-21,2003-04,PO,MIN,Away,23,97,88,W
40300312,2004-05-23,2003-04,PO,MIN,Away,27,71,89,L
40300313,2004-05-25,2003-04,PO,MIN,Home,22,100,89,W
40300314,2004-05-27,2003-04,PO,MIN,Home,31,92,85,W
40300315,2004-05-29,2003-04,PO,MIN,Away,23,96,98,L
40300316,2004-05-31,2003-04,PO,MIN,Home,20,96,90,W
40300401,2004-06-06,2003-04,PO,DET,Home,25,75,87,L
40300402,2004-06-08,2003-04,PO,DET,Home,33,99,91,W
40300403,2004-06-10,2003-04,PO,DET,Away,11,68,88,L
40300404,2004-06-13,2003-04,PO,DET,Away,20,80,88,L
40300405,2004-06-15,2003-04,PO,DET,Away,24,87,100,L
20400003,2004-11-02,2004-05,RS,DEN,Home,25,89,78,W
20400014,2004-11-03,2004-05,RS,UTH,Away,38,78,104,L
20400027,2004-11-05,2004-05,RS,SAN,Home,28,96,105,L
20400044,2004-11-07,2004-05,RS,ATL,Home,24,106,90,W
20400053,2004-11-09,2004-05,RS,NOK,Away,31,106,98,W
20400065,2004-11-10,2004-05,RS,MEM,Away,20,87,110,L
20400073,2004-11-12,2004-05,RS,ORL,Away,41,113,122,L
20400087,2004-11-13,2004-05,RS,HOU,Away,19,84,79,W
20400115,2004-11-17,2004-05,RS,LAC,Home,23,103,89,W
20400126,2004-11-19,2004-05,RS,PHO,Away,29,102,107,L
20400145,2004-11-21,2004-05,RS,CHI,Home,29,102,93,W
20400158,2004-11-23,2004-05,RS,MIL,Home,30,100,96,W
20400181,2004-11-26,2004-05,RS,SAC,Home,40,106,109,L
20400198,2004-11-28,2004-05,RS,NOK,Home,20,89,76,W
20400205,2004-11-30,2004-05,RS,MIL,Away,20,95,90,W
20400216,2004-12-01,2004-05,RS,CHI,Away,28,84,92,L
20400231,2004-12-03,2004-05,RS,GSW,Home,10,97,88,W
20400272,2004-12-08,2004-05,RS,PHO,Home,20,110,113,L
20400294,2004-12-11,2004-05,RS,LAC,Away,37,89,87,W
20400301,2004-12-12,2004-05,RS,ORL,Home,23,105,98,W
20400315,2004-12-14,2004-05,RS,SEA,Away,35,93,108,L
20400328,2004-12-16,2004-05,RS,SAC,Away,31,115,99,W
20400338,2004-12-17,2004-05,RS,WAS,Home,36,116,120,L
20400358,2004-12-20,2004-05,RS,MEM,Home,11,72,82,L
20400377,2004-12-22,2004-05,RS,NOK,Home,29,101,89,W
20400382,2004-12-25,2004-05,RS,MIA,Home,42,102,104,L
20400407,2004-12-28,2004-05,RS,TOR,Home,48,117,99,W
20400439,2005-01-02,2004-05,RS,DEN,Home,42,99,91,W
20400452,2005-01-04,2004-05,RS,SAS,Away,17,83,100,L
20400461,2005-01-05,2004-05,RS,DAL,Away,32,104,118,L
20400477,2005-01-07,2004-05,RS,HOU,Home,27,111,104,W
20400494,2005-01-10,2004-05,RS,MIN,Away,31,105,96,W
20400512,2005-01-12,2004-05,RS,DEN,Away,16,83,95,L
20400518,2005-01-13,2004-05,RS,CLE,Home,2,98,94,W
20400746,2005-02-13,2004-05,RS,CLE,Away,26,89,103,L
20400767,2005-02-15,2004-05,RS,UTA,Home,40,102,95,W
20400789,2005-02-22,2004-05,RS,BOS,Home,21,104,95,W
20400799,2005-02-23,2004-05,RS,POR,Away,31,86,83,W
20400811,2005-02-25,2004-05,RS,DET,Home,20,90,111,L
20400819,2005-02-27,2004-05,RS,TOR,Away,31,102,108,L
20400831,2005-02-28,2004-05,RS,NYK,Away,30,115,117,L
20400845,2005-03-02,2004-05,RS,BOS,Away,26,101,104,L
20400864,2005-03-04,2004-05,RS,DAL,Home,40,108,103,W
20400880,2005-03-06,2004-05,RS,IND,Home,37,103,94,W
20400895,2005-03-08,2004-05,RS,LAC,Home,41,101,110,L
20400903,2005-03-10,2004-05,RS,DAL,Away,36,100,95,W
20400915,2005-03-12,2004-05,RS,CHA,Away,32,117,116,W
20400930,2005-03-14,2004-05,RS,WAS,Away,18,81,95,L
20400937,2005-03-15,2004-05,RS,PHI,Away,20,91,108,L
20400954,2005-03-17,2004-05,RS,MIA,Away,26,89,102,L
20400960,2005-03-18,2004-05,RS,IND,Away,12,97,103,L
20400984,2005-03-20,2004-05,RS,SEA,Home,30,100,102,L
20400994,2005-03-22,2004-05,RS,UTA,Away,43,107,115,L
20401009,2005-03-24,2004-05,RS,DEN,Away,18,96,117,L
20401035,2005-03-27,2004-05,RS,PHI,Home,34,89,96,L
20401051,2005-03-29,2004-05,RS,NYK,Home,32,117,107,W
20401065,2005-03-31,2004-05,RS,MIN,Home,26,96,105,L
20401082,2005-04-02,2004-05,RS,SAS,Away,15,94,95,L
20401092,2005-04-03,2004-05,RS,MEM,Away,9,82,102,L
20401118,2005-04-07,2004-05,RS,HOU,Home,19,100,114,L
20401130,2005-04-08,2004-05,RS,SEA,Away,42,117,94,W
20401142,2005-04-10,2004-05,RS,SAC,Away,18,105,124,L
20401154,2005-04-11,2004-05,RS,PHO,Home,20,97,108,L
20401196,2005-04-17,2004-05,RS,DAL,Home,33,112,114,L
20401208,2005-04-18,2004-05,RS,GSW,Away,22,99,126,L
20401228,2005-04-20,2004-05,RS,POR,Away,37,103,106,L
20500016,2005-11-02,2005-06,RS,DEN,Away,33,99,97,W
20500019,2005-11-03,2005-06,RS,PHX,Home,39,112,122,L
20500045,2005-11-06,2005-06,RS,DEN,Home,37,112,92,W
20500051,2005-11-08,2005-06,RS,ATL,Away,37,103,97,W
20500064,2005-11-09,2005-06,RS,MIN,Away,28,74,88,L
20500077,2005-11-11,2005-06,RS,PHI,Away,17,81,85,L
20500095,2005-11-14,2005-06,RS,MEM,Away,18,73,85,L
20500114,2005-11-16,2005-06,RS,NYK,Home,42,97,92,W
20500130,2005-11-18,2005-06,RS,LAC,Home,36,91,97,L
20500145,2005-11-20,2005-06,RS,CHI,Home,43,93,96,L
20500168,2005-11-24,2005-06,RS,SEA,Home,34,108,96,W
20500192,2005-11-27,2005-06,RS,NJN,Home,46,96,102,L
20500203,2005-11-29,2005-06,RS,SAS,Away,25,84,90,L
20500218,2005-12-01,2005-06,RS,UTA,Away,30,105,101,W
20500228,2005-12-02,2005-06,RS,MIN,Home,20,108,113,L
20500244,2005-12-04,2005-06,RS,CHA,Home,29,99,98,W
20500251,2005-12-06,2005-06,RS,MIL,Away,33,111,92,W
20500258,2005-12-07,2005-06,RS,TOR,Away,11,102,91,W
20500274,2005-12-09,2005-06,RS,CHI,Away,23,93,80,W
20500286,2005-12-10,2005-06,RS,MIN,Away,35,82,95,L
20500297,2005-12-12,2005-06,RS,DAL,Away,43,109,106,W
20500314,2005-12-14,2005-06,RS,MEM,Away,27,94,79,W
20500332,2005-12-16,2005-06,RS,WAS,Home,41,97,91,W
20500346,2005-12-18,2005-06,RS,HOU,Home,24,74,76,L
20500359,2005-12-20,2005-06,RS,DAL,Home,62,112,90,W
20500372,2005-12-23,2005-06,RS,ORL,Away,21,104,88,W
20500386,2005-12-25,2005-06,RS,MIA,Away,37,92,97,L
20500387,2005-12-26,2005-06,RS,WAS,Away,31,91,94,L
20500412,2005-12-28,2005-06,RS,MEM,Home,45,99,100,L
20500471,2006-01-06,2005-06,RS,PHI,Home,48,119,93,W
20500480,2006-01-07,2005-06,RS,LAC,Away,50,112,109,W
20500490,2006-01-09,2005-06,RS,IND,Home,45,96,90,W
20500507,2006-01-11,2005-06,RS,POR,Away,41,103,113,L
20500512,2006-01-12,2005-06,RS,CLE,Home,27,99,98,W
20500532,2006-01-14,2005-06,RS,GSW,Away,38,110,104,W
20500547,2006-01-16,2005-06,RS,MIA,Home,37,100,92,W
20500563,2006-01-19,2005-06,RS,SAC,Away,51,109,118,L
20500573,2006-01-20,2005-06,RS,PHX,Away,37,93,106,L
20500591,2006-01-22,2005-06,RS,TOR,Home,81,122,104,W
20500631,2006-01-27,2005-06,RS,GSW,Home,30,106,105,W
20500646,2006-01-29,2005-06,RS,DET,Away,39,93,102,L
20500658,2006-01-31,2005-06,RS,NYK,Away,40,130,97,W
20500664,2006-02-01,2005-06,RS,IND,Away,26,79,105,L
20500679,2006-02-03,2005-06,RS,CHA,Away,35,102,112,L
20500689,2006-02-04,2005-06,RS,NOK,Away,35,90,106,L
20500709,2006-02-07,2005-06,RS,DAL,Away,24,87,102,L
20500720,2006-02-08,2005-06,RS,HOU,Away,32,89,78,W
20500741,2006-02-11,2005-06,RS,MEM,Home,26,99,100,L
20500756,2006-02-13,2005-06,RS,UTA,Home,23,94,88,W
20500775,2006-02-15,2005-06,RS,ATL,Home,39,110,114,L
20500790,2006-02-21,2005-06,RS,POR,Home,27,99,82,W
20500802,2006-02-23,2005-06,RS,SAC,Home,36,106,85,W
20500813,2006-02-24,2005-06,RS,LAC,Away,39,83,102,L
20500826,2006-02-26,2005-06,RS,BOS,Home,40,111,112,L
20500841,2006-02-28,2005-06,RS,ORL,Home,28,102,87,W
20500852,2006-03-01,2005-06,RS,POR,Away,35,93,99,L
20500865,2006-03-03,2005-06,RS,GSW,Away,42,106,94,W
20500873,2006-03-04,2005-06,RS,DET,Home,40,105,94,W
20500888,2006-03-06,2005-06,RS,SAS,Home,43,96,103,L
20500903,2006-03-08,2005-06,RS,NOK,Away,40,113,107,W
20500916,2006-03-10,2005-06,RS,SAS,Away,29,100,92,W
20500930,2006-03-12,2005-06,RS,SEA,Home,22,113,120,L
20500948,2006-03-14,2005-06,RS,SAC,Away,30,98,114,L
20500959,2006-03-15,2005-06,RS,MIN,Home,25,92,89,W
20500968,2006-03-17,2005-06,RS,NJN,Away,24,89,92,L
20500981,2006-03-19,2005-06,RS,CLE,Away,38,95,96,L
20500988,2006-03-20,2005-06,RS,BOS,Away,43,105,97,W
20501010,2006-03-22,2005-06,RS,SAC,Home,28,87,80,W
20501026,2006-03-24,2005-06,RS,MIL,Home,43,101,96,W
20501042,2006-03-26,2005-06,RS,NOK,Home,30,105,94,W
20501066,2006-03-30,2005-06,RS,SAS,Home,23,85,96,L
20501078,2006-03-31,2005-06,RS,SEA,Away,43,106,93,W
20501089,2006-04-02,2005-06,RS,HOU,Home,43,104,88,W
20501120,2006-04-06,2005-06,RS,DEN,Away,42,108,110,L
20501130,2006-04-07,2005-06,RS,PHX,Away,51,96,107,L
20501148,2006-04-09,2005-06,RS,LAC,Home,38,100,83,W
20501161,2006-04-11,2005-06,RS,GSW,Home,31,111,100,W
20501185,2006-04-14,2005-06,RS,POR,Home,50,110,99,W
20501196,2006-04-16,2005-06,RS,PHX,Home,43,109,89,W
20501229,2006-04-19,2005-06,RS,NOK,Home,35,115,95,W
40500151,2006-04-23,2005-06,PO,PHX,Away,22,102,107,L
40500152,2006-04-26,2005-06,PO,PHX,Away,29,99,93,W
40500153,2006-04-28,2005-06,PO,PHX,Home,17,99,92,W
40500154,2006-04-30,2005-06,PO,PHX,Home,24,99,98,W
40500155,2006-05-02,2005-06,PO,PHX,Away,29,97,114,L
40500156,2006-05-04,2005-06,PO,PHX,Home,50,118,126,L
40500157,2006-05-06,2005-06,PO,PHX,Away,24,90,121,L
20600029,2006-11-03,2006-07,RS,SEA,Home,23,118,112,W
20600044,2006-11-05,2006-07,RS,SEA,Away,15,101,117,L
20600057,2006-11-07,2006-07,RS,MIN,Home,17,95,88,W
20600066,2006-11-08,2006-07,RS,POR,Away,32,90,101,L
20600081,2006-11-10,2006-07,RS,DET,Home,19,83,97,L
20600096,2006-11-12,2006-07,RS,MEM,Home,21,91,81,W
20600127,2006-11-17,2006-07,RS,TOR,Home,31,107,100,W
20600142,2006-11-19,2006-07,RS,CHI,Home,18,82,72,W
20600157,2006-11-21,2006-07,RS,LAC,Home,40,105,101,W
20600181,2006-11-24,2006-07,RS,UTA,Away,27,108,114,L
20600199,2006-11-26,2006-07,RS,NJN,Home,19,99,93,W
20600212,2006-11-28,2006-07,RS,MIL,Home,27,105,109,L
20600223,2006-11-30,2006-07,RS,UTA,Home,52,132,102,W
20600242,2006-12-02,2006-07,RS,LAC,Away,29,97,88,W
20600254,2006-12-04,2006-07,RS,IND,Home,21,101,87,W
20600270,2006-12-06,2006-07,RS,NOK,Home,24,89,105,L
20600299,2006-12-10,2006-07,RS,SAS,Home,34,106,99,W
20600311,2006-12-12,2006-07,RS,HOU,Away,23,102,94,W
20600324,2006-12-13,2006-07,RS,DAL,Away,33,101,110,L
20600340,2006-12-15,2006-07,RS,HOU,Home,53,112,101,W
20600355,2006-12-17,2006-07,RS,WAS,Home,45,141,147,L
20600362,2006-12-19,2006-07,RS,CHI,Away,19,89,94,L
20600372,2006-12-20,2006-07,RS,MIN,Away,24,111,94,W
20600381,2006-12-22,2006-07,RS,NJN,Away,21,99,95,W
20600403,2006-12-25,2006-07,RS,MIA,Away,16,85,101,L
20600418,2006-12-27,2006-07,RS,ORL,Away,27,106,93,W
20600431,2006-12-29,2006-07,RS,CHA,Away,58,124,133,L
20600456,2006-12-31,2006-07,RS,PHI,Home,35,104,94,W
20600478,2007-01-04,2006-07,RS,SAC,Away,42,132,128,W
20600489,2007-01-05,2006-07,RS,DEN,Home,8,123,104,W
20600504,2007-01-07,2006-07,RS,DAL,Home,26,101,98,W
20600511,2007-01-09,2006-07,RS,MEM,Away,25,118,128,L
20600523,2007-01-10,2006-07,RS,HOU,Away,20,77,102,L
20600539,2007-01-12,2006-07,RS,ORL,Home,28,109,106,W
20600564,2007-01-15,2006-07,RS,MIA,Home,25,124,118,W
20600576,2007-01-17,2006-07,RS,SAS,Away,34,100,96,W
20600580,2007-01-18,2006-07,RS,DAL,Away,26,95,114,L
20600598,2007-01-20,2006-07,RS,NOK,Away,23,103,113,L
20600614,2007-01-22,2006-07,RS,GSW,Home,42,108,103,W
20600644,2007-01-26,2006-07,RS,CHA,Home,32,97,106,L
20600657,2007-01-28,2006-07,RS,SAS,Home,31,94,96,L
20600678,2007-01-31,2006-07,RS,BOS,Away,43,111,98,W
20600691,2007-02-02,2006-07,RS,IND,Away,22,84,95,L
20600699,2007-02-03,2006-07,RS,WAS,Away,39,118,102,W
20600714,2007-02-05,2006-07,RS,ATL,Away,27,90,83,W
20600735,2007-02-08,2006-07,RS,DET,Away,18,78,93,L
20600738,2007-02-09,2006-07,RS,TOR,Away,25,92,96,L
20600759,2007-02-11,2006-07,RS,CLE,Away,36,90,99,L
20600774,2007-02-13,2006-07,RS,NYK,Home,31,106,107,L
20600789,2007-02-15,2006-07,RS,CLE,Home,34,108,114,L
20600809,2007-02-21,2006-07,RS,POR,Home,25,108,112,L
20600825,2007-02-23,2006-07,RS,BOS,Home,38,122,96,W
20600838,2007-02-25,2006-07,RS,GSW,Away,26,102,85,W
20600847,2007-02-26,2006-07,RS,UTA,Away,35,102,94,W
20600878,2007-03-02,2006-07,RS,SAC,Home,30,108,116,L
20600890,2007-03-04,2006-07,RS,PHX,Away,31,94,99,L
20600902,2007-03-06,2006-07,RS,MIN,Away,40,107,117,L
20600919,2007-03-09,2006-07,RS,PHI,Away,30,92,108,L
20600941,2007-03-11,2006-07,RS,DAL,Home,25,72,108,L
20600969,2007-03-15,2006-07,RS,DEN,Away,25,86,113,L
20600977,2007-03-16,2006-07,RS,POR,Home,65,116,111,W
20600994,2007-03-18,2006-07,RS,MIN,Home,50,109,102,W
20601016,2007-03-22,2006-07,RS,MEM,Away,60,121,119,W
20601027,2007-03-23,2006-07,RS,NOK,Away,50,111,105,W
20601044,2007-03-25,2006-07,RS,GSW,Home,43,115,113,W
20601057,2007-03-27,2006-07,RS,MEM,Home,23,86,88,L
20601081,2007-03-30,2006-07,RS,HOU,Home,53,104,107,L
20601099,2007-04-01,2006-07,RS,SAC,Home,19,126,103,W
20601107,2007-04-03,2006-07,RS,DEN,Home,39,105,111,L
20601118,2007-04-04,2006-07,RS,LAC,Away,29,82,90,L
20601133,2007-04-06,2006-07,RS,SEA,Away,46,112,109,W
20601144,2007-04-08,2006-07,RS,PHX,Home,34,107,115,L
20601154,2007-04-09,2006-07,RS,DEN,Away,23,111,115,L
20601174,2007-04-12,2006-07,RS,LAC,Home,50,110,118,L
20601185,2007-04-13,2006-07,RS,PHX,Away,17,85,93,L
20601202,2007-04-15,2006-07,RS,SEA,Home,50,109,98,W
20601227,2007-04-18,2006-07,RS,SAC,Away,34,117,106,W
40600151,2007-04-22,2006-07,PO,PHX,Away,39,87,95,L
40600152,2007-04-24,2006-07,PO,PHX,Away,15,98,126,L
40600153,2007-04-26,2006-07,PO,PHX,Home,45,95,89,W
40600154,2007-04-29,2006-07,PO,PHX,Home,31,100,113,L
40600155,2007-05-02,2006-07,PO,PHX,Away,34,110,119,L
20700002,2007-10-30,2007-08,RS,HOU,Home,45,93,95,L
20700026,2007-11-02,2007-08,RS,PHX,Away,16,119,98,W
20700042,2007-11-04,2007-08,RS,UTA,Home,33,119,109,W
20700052,2007-11-06,2007-08,RS,NOH,Home,28,104,118,L
20700076,2007-11-09,2007-08,RS,MIN,Home,30,107,93,W
20700101,2007-11-13,2007-08,RS,SAS,Away,18,92,107,L
20700113,2007-11-14,2007-08,RS,HOU,Away,30,93,90,W
20700129,2007-11-16,2007-08,RS,DET,Home,19,103,91,W
20700144,2007-11-18,2007-08,RS,CHI,Home,18,106,78,W
20700152,2007-11-20,2007-08,RS,IND,Away,32,134,114,W
20700162,2007-11-21,2007-08,RS,MIL,Away,27,103,110,L
20700172,2007-11-23,2007-08,RS,BOS,Away,28,94,107,L
20700196,2007-11-25,2007-08,RS,NJN,Home,31,100,102,L
20700210,2007-11-27,2007-08,RS,SEA,Home,35,106,99,W
20700222,2007-11-29,2007-08,RS,DEN,Home,24,127,99,W
20700231,2007-11-30,2007-08,RS,UTA,Away,28,96,120,L
20700249,2007-12-02,2007-08,RS,ORL,Home,28,97,104,L
20700259,2007-12-04,2007-08,RS,MIN,Away,20,116,95,W
20700270,2007-12-05,2007-08,RS,DEN,Away,25,111,107,W
20700300,2007-12-09,2007-08,RS,GSW,Home,28,123,113,W
20700326,2007-12-13,2007-08,RS,SAS,Home,30,102,97,W
20700338,2007-12-14,2007-08,RS,GSW,Away,21,106,108,L
20700353,2007-12-16,2007-08,RS,LAC,Home,32,113,92,W
20700363,2007-12-18,2007-08,RS,CHI,Away,18,103,91,W
20700379,2007-12-20,2007-08,RS,CLE,Away,21,90,94,L
20700382,2007-12-21,2007-08,RS,PHI,Away,19,106,101,W
20700400,2007-12-23,2007-08,RS,NYK,Away,39,95,90,W
20700406,2007-12-25,2007-08,RS,PHX,Home,38,122,115,W
20700432,2007-12-28,2007-08,RS,UTA,Home,31,123,109,W
20700448,2007-12-30,2007-08,RS,BOS,Home,22,91,110,L
20700482,2008-01-04,2007-08,RS,PHI,Home,15,124,93,W
20700497,2008-01-06,2007-08,RS,IND,Home,26,112,96,W
20700504,2008-01-08,2007-08,RS,MEM,Away,25,117,101,W
20700515,2008-01-09,2007-08,RS,NOH,Away,19,109,80,W
20700531,2008-01-11,2007-08,RS,MIL,Home,37,110,105,W
20700546,2008-01-13,2007-08,RS,MEM,Home,37,100,99,W
20700553,2008-01-14,2007-08,RS,SEA,Away,48,123,121,W
20700572,2008-01-17,2007-08,RS,PHX,Home,30,98,106,L
20700607,2008-01-21,2007-08,RS,DEN,Home,17,116,99,W
20700618,2008-01-23,2007-08,RS,SAS,Away,29,91,103,L
20700633,2008-01-25,2007-08,RS,DAL,Away,40,105,112,L
20700643,2008-01-27,2007-08,RS,CLE,Home,33,95,98,L
20700664,2008-01-29,2007-08,RS,NYK,Home,24,120,109,W
20700675,2008-01-31,2007-08,RS,DET,Away,39,89,90,L
20700679,2008-02-01,2007-08,RS,TOR,Away,46,121,101,W
20700696,2008-02-03,2007-08,RS,WAS,Away,30,103,91,W
20700710,2008-02-05,2007-08,RS,NJN,Away,6,105,90,W
20700713,2008-02-06,2007-08,RS,ATL,Away,11,95,98,L
20700728,2008-02-08,2007-08,RS,ORL,Away,36,117,113,W
20700745,2008-02-10,2007-08,RS,MIA,Away,33,104,94,W
20700753,2008-02-11,2007-08,RS,CHA,Away,31,106,97,W
20700772,2008-02-13,2007-08,RS,MIN,Away,29,117,92,W
20700789,2008-02-19,2007-08,RS,ATL,Home,23,122,93,W
20700796,2008-02-20,2007-08,RS,PHX,Away,41,130,124,W
20700822,2008-02-23,2007-08,RS,LAC,Away,17,113,95,W
20700830,2008-02-24,2007-08,RS,SEA,Away,21,111,91,W
20700843,2008-02-26,2007-08,RS,POR,Home,30,96,83,W
20700857,2008-02-28,2007-08,RS,MIA,Home,21,106,88,W
20700868,2008-02-29,2007-08,RS,POR,Away,33,111,119,L
20700876,2008-03-02,2007-08,RS,DAL,Home,52,108,104,W
20700895,2008-03-04,2007-08,RS,SAC,Away,34,117,105,W
20700923,2008-03-07,2007-08,RS,LAC,Home,16,119,82,W
20700938,2008-03-09,2007-08,RS,SAC,Home,26,113,114,L
20700951,2008-03-11,2007-08,RS,TOR,Home,34,117,108,W
20700970,2008-03-14,2007-08,RS,NOH,Away,36,98,108,L
20700988,2008-03-16,2007-08,RS,HOU,Away,24,92,104,L
20701003,2008-03-18,2007-08,RS,DAL,Away,29,102,100,W
20701018,2008-03-20,2007-08,RS,UTA,Away,27,106,95,W
20701027,2008-03-21,2007-08,RS,SEA,Home,23,130,105,W
20701043,2008-03-23,2007-08,RS,GSW,Home,36,111,115,L
20701051,2008-03-24,2007-08,RS,GSW,Away,30,123,119,W
20701069,2008-03-26,2007-08,RS,CHA,Home,27,95,108,L
20701082,2008-03-28,2007-08,RS,MEM,Home,53,111,114,L
20701098,2008-03-30,2007-08,RS,WAS,Home,26,126,120,W
20701122,2008-04-02,2007-08,RS,POR,Home,36,104,91,W
20701135,2008-04-04,2007-08,RS,DAL,Home,25,112,108,W
20701150,2008-04-06,2007-08,RS,SAC,Away,29,114,92,W
20701161,2008-04-08,2007-08,RS,POR,Away,34,103,112,L
20701175,2008-04-10,2007-08,RS,LAC,Away,16,106,78,W
20701187,2008-04-11,2007-08,RS,NOH,Home,29,107,104,W
20701198,2008-04-13,2007-08,RS,SAS,Home,20,106,85,W
20701216,2008-04-15,2007-08,RS,SAC,Home,20,124,101,W
40700141,2008-04-20,2007-08,PO,DEN,Home,32,128,114,W
40700142,2008-04-23,2007-08,PO,DEN,Home,49,122,107,W
40700143,2008-04-26,2007-08,PO,DEN,Away,22,102,84,W
40700144,2008-04-28,2007-08,PO,DEN,Away,31,107,101,W
40700221,2008-05-04,2007-08,PO,UTA,Home,38,109,98,W
40700222,2008-05-07,2007-08,PO,UTA,Home,34,120,110,W
40700223,2008-05-09,2007-08,PO,UTA,Away,34,99,104,L
40700224,2008-05-11,2007-08,PO,UTA,Away,33,115,123,L
40700225,2008-05-14,2007-08,PO,UTA,Home,26,111,104,W
40700226,2008-05-16,2007-08,PO,UTA,Away,34,108,105,W
40700311,2008-05-21,2007-08,PO,SAS,Home,27,89,85,W
40700312,2008-05-23,2007-08,PO,SAS,Home,22,101,71,W
40700313,2008-05-25,2007-08,PO,SAS,Away,30,84,103,L
40700314,2008-05-27,2007-08,PO,SAS,Away,28,93,91,W
40700315,2008-05-29,2007-08,PO,SAS,Home,39,100,92,W
40700401,2008-06-05,2007-08,PO,BOS,Away,24,88,98,L
40700402,2008-06-08,2007-08,PO,BOS,Away,30,102,108,L
40700403,2008-06-10,2007-08,PO,BOS,Home,36,87,81,W
40700404,2008-06-12,2007-08,PO,BOS,Home,17,91,97,L
40700405,2008-06-15,2007-08,PO,BOS,Home,25,103,98,W
40700406,2008-06-17,2007-08,PO,BOS,Away,22,92,131,L
20800003,2008-10-28,2008-09,RS,POR,Home,23,96,76,W
20800015,2008-10-29,2008-09,RS,LAC,Away,16,117,79,W
20800037,2008-11-01,2008-09,RS,DEN,Away,33,104,97,W
20800063,2008-11-05,2008-09,RS,LAC,Home,27,106,88,W
20800092,2008-11-09,2008-09,RS,HOU,Home,23,111,82,W
20800102,2008-11-11,2008-09,RS,DAL,Away,27,106,99,W
20800112,2008-11-12,2008-09,RS,NOH,Away,20,93,86,W
20800131,2008-11-14,2008-09,RS,DET,Home,29,95,106,L
20800158,2008-11-18,2008-09,RS,CHI,Home,21,116,109,W
20800170,2008-11-20,2008-09,RS,PHX,Away,24,105,92,W
20800183,2008-11-21,2008-09,RS,DEN,Home,29,104,90,W
20800197,2008-11-23,2008-09,RS,SAC,Home,24,118,108,W
20800209,2008-11-25,2008-09,RS,NJN,Home,12,120,93,W
20800235,2008-11-28,2008-09,RS,DAL,Home,35,114,107,W
20800251,2008-11-30,2008-09,RS,TOR,Home,23,112,99,W
20800255,2008-12-02,2008-09,RS,IND,Away,28,117,118,L
20800267,2008-12-03,2008-09,RS,PHI,Away,32,114,102,W
20800277,2008-12-05,2008-09,RS,WAS,Away,23,106,104,W
20800300,2008-12-07,2008-09,RS,MIL,Home,20,105,92,W
20800313,2008-12-09,2008-09,RS,SAC,Away,28,101,113,L
20800322,2008-12-10,2008-09,RS,PHX,Home,18,115,110,W
20800336,2008-12-12,2008-09,RS,SAC,Home,32,112,103,W
20800350,2008-12-14,2008-09,RS,MIN,Home,26,98,86,W
20800365,2008-12-16,2008-09,RS,NYK,Home,28,116,114,W
20800385,2008-12-19,2008-09,RS,MIA,Away,28,87,89,L
20800390,2008-12-20,2008-09,RS,ORL,Away,41,103,106,L
20800405,2008-12-22,2008-09,RS,MEM,Away,36,105,96,W
20800417,2008-12-23,2008-09,RS,NOH,Away,26,100,87,W
20800423,2008-12-25,2008-09,RS,BOS,Home,27,92,83,W
20800449,2008-12-28,2008-09,RS,GSW,Home,31,130,113,W
20800487,2009-01-02,2008-09,RS,UTA,Home,40,113,100,W
20800500,2009-01-04,2008-09,RS,POR,Home,26,100,86,W
20800513,2009-01-06,2008-09,RS,NOH,Home,39,105,116,L
20800525,2009-01-07,2008-09,RS,GSW,Away,21,114,106,W
20800538,2009-01-09,2008-09,RS,IND,Home,36,121,119,W
20800552,2009-01-11,2008-09,RS,MIA,Home,19,108,105,W
20800562,2009-01-13,2008-09,RS,HOU,Away,33,105,100,W
20800574,2009-01-14,2008-09,RS,SAS,Away,29,111,112,L
20800589,2009-01-16,2008-09,RS,ORL,Home,28,103,109,L
20800612,2009-01-19,2008-09,RS,CLE,Home,20,105,88,W
20800627,2009-01-21,2008-09,RS,LAC,Away,18,108,97,W
20800629,2009-01-22,2008-09,RS,WAS,Home,11,117,97,W
20800647,2009-01-25,2008-09,RS,SAS,Home,22,99,85,W
20800666,2009-01-27,2008-09,RS,CHA,Home,38,110,117,L
20800687,2009-01-30,2008-09,RS,MIN,Away,30,132,119,W
20800695,2009-01-31,2008-09,RS,MEM,Away,25,115,98,W
20800709,2009-02-02,2008-09,RS,NYK,Away,61,126,117,W
20800721,2009-02-04,2008-09,RS,TOR,Away,36,115,107,W
20800732,2009-02-05,2008-09,RS,BOS,Away,26,110,109,W
20800751,2009-02-08,2008-09,RS,CLE,Away,19,101,91,W
20800772,2009-02-10,2008-09,RS,OKC,Home,34,105,98,W
20800782,2009-02-11,2008-09,RS,UTA,Away,37,109,113,L
20800797,2009-02-17,2008-09,RS,ATL,Home,10,96,83,W
20800807,2009-02-18,2008-09,RS,GSW,Away,30,129,121,W
20800821,2009-02-20,2008-09,RS,NOH,Home,39,115,111,W
20800834,2009-02-22,2008-09,RS,MIN,Away,28,111,108,W
20800846,2009-02-24,2008-09,RS,OKC,Away,36,107,93,W
20800862,2009-02-26,2008-09,RS,PHX,Home,22,132,106,W
20800871,2009-02-27,2008-09,RS,DEN,Away,29,79,90,L
20800884,2009-03-01,2008-09,RS,PHX,Away,49,111,118,L
20800904,2009-03-03,2008-09,RS,MEM,Home,31,99,89,W
20800925,2009-03-06,2008-09,RS,MIN,Home,23,110,90,W
20800948,2009-03-09,2008-09,RS,POR,Away,26,94,111,L
20800962,2009-03-11,2008-09,RS,HOU,Away,37,102,96,W
20800966,2009-03-12,2008-09,RS,SAS,Away,23,102,95,W
20800991,2009-03-15,2008-09,RS,DAL,Home,28,107,100,W
20801008,2009-03-17,2008-09,RS,PHI,Home,11,93,94,L
20801022,2009-03-19,2008-09,RS,GSW,Home,21,114,106,W
20801038,2009-03-21,2008-09,RS,CHI,Away,28,117,109,W
20801056,2009-03-24,2008-09,RS,OKC,Away,19,107,89,W
20801070,2009-03-26,2008-09,RS,DET,Away,30,92,77,W
20801078,2009-03-27,2008-09,RS,NJN,Away,14,103,95,W
20801092,2009-03-29,2008-09,RS,ATL,Away,17,76,86,L
20801104,2009-03-31,2008-09,RS,CHA,Away,25,84,94,L
20801117,2009-04-01,2008-09,RS,MIL,Away,30,104,98,W
20801134,2009-04-03,2008-09,RS,HOU,Home,20,93,81,W
20801152,2009-04-05,2008-09,RS,LAC,Home,18,88,85,W
20801160,2009-04-07,2008-09,RS,SAC,Away,22,122,104,W
20801175,2009-04-09,2008-09,RS,DEN,Home,33,116,102,W
20801186,2009-04-10,2008-09,RS,POR,Away,32,98,106,L
20801201,2009-04-12,2008-09,RS,MEM,Home,16,92,75,W
20801216,2009-04-14,2008-09,RS,UTA,Home,16,125,112,W
40800141,2009-04-19,2008-09,PO,UTA,Home,24,113,100,W
40800142,2009-04-21,2008-09,PO,UTA,Home,26,119,109,W
40800143,2009-04-23,2008-09,PO,UTA,Away,18,86,88,L
40800144,2009-04-25,2008-09,PO,UTA,Away,38,108,94,W
40800145,2009-04-27,2008-09,PO,UTA,Home,31,107,96,W
40800221,2009-05-04,2008-09,PO,HOU,Home,32,92,100,L
40800222,2009-05-06,2008-09,PO,HOU,Home,40,111,98,W
40800223,2009-05-08,2008-09,PO,HOU,Away,33,108,94,W
40800224,2009-05-10,2008-09,PO,HOU,Away,15,87,99,L
40800225,2009-05-12,2008-09,PO,HOU,Home,26,118,78,W
40800226,2009-05-14,2008-09,PO,HOU,Away,32,80,95,L
40800227,2009-05-17,2008-09,PO,HOU,Home,14,89,70,W
40800311,2009-05-19,2008-09,PO,DEN,Home,40,105,103,W
40800312,2009-05-21,2008-09,PO,DEN,Home,32,103,106,L
40800313,2009-05-23,2008-09,PO,DEN,Away,41,103,97,W
40800314,2009-05-25,2008-09,PO,DEN,Away,34,101,120,L
40800315,2009-05-27,2008-09,PO,DEN,Home,22,103,94,W
40800316,2009-05-29,2008-09,PO,DEN,Away,35,119,92,W
40800401,2009-06-04,2008-09,PO,ORL,Home,40,100,75,W
40800402,2009-06-07,2008-09,PO,ORL,Home,29,101,96,W
40800403,2009-06-09,2008-09,PO,ORL,Away,31,104,108,L
40800404,2009-06-11,2008-09,PO,ORL,Away,32,99,91,W
40800405,2009-06-14,2008-09,PO,ORL,Away,30,99,86,W
20900004,2009-10-27,2009-10,RS,LAC,Home,33,99,92,W
20900031,2009-10-30,2009-10,RS,DAL,Home,20,80,94,L
20900045,2009-11-01,2009-10,RS,ATL,Home,41,118,110,W
20900057,2009-11-03,2009-10,RS,OKC,Away,31,101,98,W
20900066,2009-11-04,2009-10,RS,HOU,Away,41,103,102,W
20900083,2009-11-06,2009-10,RS,MEM,Home,41,114,98,W
20900097,2009-11-08,2009-10,RS,NOH,Home,28,104,88,W
20900123,2009-11-12,2009-10,RS,PHX,Home,29,121,102,W
20900131,2009-11-13,2009-10,RS,DEN,Away,19,79,105,L
20900146,2009-11-15,2009-10,RS,HOU,Home,18,91,101,L
20900157,2009-11-17,2009-10,RS,DET,Home,40,106,93,W
20900172,2009-11-19,2009-10,RS,CHI,Home,21,108,93,W
20900197,2009-11-22,2009-10,RS,OKC,Home,26,101,85,W
20900207,2009-11-24,2009-10,RS,NYK,Home,34,100,90,W
20900238,2009-11-28,2009-10,RS,GSW,Away,20,130,97,W
20900248,2009-11-29,2009-10,RS,NJN,Home,30,106,87,W
20900258,2009-12-01,2009-10,RS,NOH,Home,18,110,99,W
20900281,2009-12-04,2009-10,RS,MIA,Home,33,108,107,W
20900295,2009-12-06,2009-10,RS,PHX,Home,26,108,88,W
20900316,2009-12-09,2009-10,RS,UTA,Home,27,101,77,W
20900329,2009-12-11,2009-10,RS,MIN,Home,20,104,92,W
20900337,2009-12-12,2009-10,RS,UTA,Away,16,94,102,L
20900354,2009-12-15,2009-10,RS,CHI,Away,42,96,87,W
20900363,2009-12-16,2009-10,RS,MIL,Away,39,107,106,W
20900388,2009-12-19,2009-10,RS,NJN,Away,29,103,84,W
20900396,2009-12-20,2009-10,RS,DET,Away,28,93,81,W
20900413,2009-12-22,2009-10,RS,OKC,Home,40,111,108,W
20900426,2009-12-25,2009-10,RS,CLE,Home,35,87,102,L
20900437,2009-12-26,2009-10,RS,SAC,Away,38,112,103,W
20900448,2009-12-28,2009-10,RS,PHX,Away,34,103,118,L
20900458,2009-12-29,2009-10,RS,GSW,Home,44,124,118,W
20900476,2010-01-01,2009-10,RS,SAC,Home,39,109,108,W
20900493,2010-01-03,2009-10,RS,DAL,Home,15,131,96,W
20900506,2010-01-05,2009-10,RS,HOU,Home,22,88,79,W
20900516,2010-01-06,2009-10,RS,LAC,Away,33,91,102,L
20900527,2010-01-08,2009-10,RS,POR,Away,32,98,107,L
20900543,2010-01-10,2009-10,RS,MIL,Home,12,95,77,W
20900556,2010-01-12,2009-10,RS,SAS,Away,16,85,105,L
20900564,2010-01-13,2009-10,RS,DAL,Away,10,100,95,W
20900582,2010-01-15,2009-10,RS,LAC,Home,30,126,86,W
20900605,2010-01-18,2009-10,RS,ORL,Home,11,98,92,W
20900621,2010-01-21,2009-10,RS,CLE,Away,31,87,93,L
20900632,2010-01-22,2009-10,RS,NYK,Away,27,115,105,W
20900648,2010-01-24,2009-10,RS,TOR,Away,27,105,106,L
20900658,2010-01-26,2009-10,RS,WAS,Away,26,115,103,W
20900664,2010-01-27,2009-10,RS,IND,Away,29,118,96,W
20900678,2010-01-29,2009-10,RS,PHI,Away,24,99,91,W
20900696,2010-01-31,2009-10,RS,BOS,Away,19,90,89,W
20900706,2010-02-01,2009-10,RS,MEM,Away,44,93,95,L
20900727,2010-02-03,2009-10,RS,CHA,Home,5,99,97,W
20900740,2010-02-05,2009-10,RS,DEN,Home,33,113,126,L
20900841,2010-02-23,2009-10,RS,MEM,Away,32,99,98,W
20900852,2010-02-24,2009-10,RS,DAL,Away,20,96,101,L
20900869,2010-02-26,2009-10,RS,PHI,Home,19,99,90,W
20900879,2010-02-28,2009-10,RS,DEN,Home,14,95,89,W
20900898,2010-03-02,2009-10,RS,IND,Home,24,122,99,W
20900912,2010-03-04,2009-10,RS,MIA,Away,39,111,114,L
20900914,2010-03-05,2009-10,RS,CHA,Away,26,83,98,L
20900935,2010-03-07,2009-10,RS,ORL,Away,34,94,96,L
20900952,2010-03-09,2009-10,RS,TOR,Home,32,109,107,W
20900974,2010-03-12,2009-10,RS,PHX,Away,21,102,96,W
20900995,2010-03-15,2009-10,RS,GSW,Away,29,124,121,W
20901004,2010-03-16,2009-10,RS,SAC,Away,30,106,99,W
20901028,2010-03-19,2009-10,RS,MIN,Home,22,104,96,W
20901041,2010-03-21,2009-10,RS,WAS,Home,24,99,92,W
20901066,2010-03-24,2009-10,RS,SAS,Away,24,92,83,W
20901078,2010-03-26,2009-10,RS,OKC,Away,11,75,91,L
20901085,2010-03-27,2009-10,RS,HOU,Away,17,109,101,W
20901099,2010-03-29,2009-10,RS,NOH,Away,31,100,108,L
20901107,2010-03-31,2009-10,RS,ATL,Away,28,92,109,L
20901131,2010-04-02,2009-10,RS,UTA,Home,25,106,92,W
20901142,2010-04-04,2009-10,RS,SAS,Home,22,81,100,L
20901196,2010-04-11,2009-10,RS,POR,Home,20,88,91,L
40900141,2010-04-18,2009-10,PO,OKC,Home,21,87,79,W
40900142,2010-04-20,2009-10,PO,OKC,Home,39,95,92,W
40900143,2010-04-22,2009-10,PO,OKC,Away,24,96,101,L
40900144,2010-04-24,2009-10,PO,OKC,Away,12,89,110,L
40900145,2010-04-27,2009-10,PO,OKC,Home,13,111,87,W
40900146,2010-04-30,2009-10,PO,OKC,Away,32,95,94,W
40900231,2010-05-02,2009-10,PO,UTA,Home,31,104,99,W
40900232,2010-05-04,2009-10,PO,UTA,Home,30,111,103,W
40900233,2010-05-08,2009-10,PO,UTA,Away,35,111,110,W
40900234,2010-05-10,2009-10,PO,UTA,Away,32,111,96,W
40900311,2010-05-17,2009-10,PO,PHX,Home,40,128,107,W
40900312,2010-05-19,2009-10,PO,PHX,Home,21,124,112,W
40900313,2010-05-23,2009-10,PO,PHX,Away,36,109,118,L
40900314,2010-05-25,2009-10,PO,PHX,Away,38,106,115,L
40900315,2010-05-27,2009-10,PO,PHX,Home,30,103,101,W
40900316,2010-05-29,2009-10,PO,PHX,Away,37,111,103,W
40900401,2010-06-03,2009-10,PO,BOS,Home,30,102,89,W
40900402,2010-06-06,2009-10,PO,BOS,Home,21,94,103,L
40900403,2010-06-08,2009-10,PO,BOS,Away,29,91,84,W
40900404,2010-06-10,2009-10,PO,BOS,Away,33,89,96,L
40900405,2010-06-13,2009-10,PO,BOS,Away,38,86,92,L
40900406,2010-06-15,2009-10,PO,BOS,Home,26,89,67,W
40900407,2010-06-17,2009-10,PO,BOS,Home,23,83,79,W
21000003,2010-10-26,2010-11,RS,HOU,Home,27,112,110,W
21000030,2010-10-29,2010-11,RS,PHX,Away,25,114,106,W
21000043,2010-10-31,2010-11,RS,GSW,Home,20,107,83,W
21000053,2010-11-02,2010-11,RS,MEM,Home,23,124,105,W
21000065,2010-11-03,2010-11,RS,SAC,Away,30,112,100,W
21000079,2010-11-05,2010-11,RS,TOR,Home,23,108,103,W
21000094,2010-11-07,2010-11,RS,POR,Home,12,121,96,W
21000107,2010-11-09,2010-11,RS,MIN,Home,33,99,94,W
21000120,2010-11-11,2010-11,RS,DEN,Away,34,112,118,L
21000143,2010-11-14,2010-11,RS,PHX,Home,25,116,121,L
21000155,2010-11-16,2010-11,RS,MIL,Away,31,118,107,W
21000161,2010-11-17,2010-11,RS,DET,Away,33,103,90,W
21000176,2010-11-19,2010-11,RS,MIN,Away,23,112,95,W
21000194,2010-11-21,2010-11,RS,GSW,Home,20,117,89,W
21000208,2010-11-23,2010-11,RS,CHI,Home,20,98,91,W
21000231,2010-11-26,2010-11,RS,UTA,Away,31,96,102,L
21000249,2010-11-28,2010-11,RS,IND,Home,41,92,95,L
21000258,2010-11-30,2010-11,RS,MEM,Away,29,96,98,L
21000269,2010-12-01,2010-11,RS,HOU,Away,27,99,109,L
21000287,2010-12-03,2010-11,RS,SAC,Home,22,113,80,W
21000315,2010-12-07,2010-11,RS,WAS,Home,32,115,108,W
21000326,2010-12-08,2010-11,RS,LAC,Away,24,87,86,W
21000333,2010-12-10,2010-11,RS,CHI,Away,23,84,88,L
21000351,2010-12-12,2010-11,RS,NJN,Away,32,99,92,W
21000362,2010-12-14,2010-11,RS,WAS,Away,24,103,89,W
21000367,2010-12-15,2010-11,RS,IND,Away,31,109,94,W
21000383,2010-12-17,2010-11,RS,PHI,Away,9,93,81,W
21000402,2010-12-19,2010-11,RS,TOR,Away,20,120,110,W
21000420,2010-12-21,2010-11,RS,MIL,Home,21,79,98,L
21000435,2010-12-25,2010-11,RS,MIA,Home,17,80,96,L
21000460,2010-12-28,2010-11,RS,SAS,Away,21,82,97,L
21000467,2010-12-29,2010-11,RS,NOH,Away,20,103,88,W
21000483,2010-12-31,2010-11,RS,PHI,Home,33,102,98,W
21000498,2011-01-02,2010-11,RS,MEM,Home,28,85,104,L
21000511,2011-01-04,2010-11,RS,DET,Home,17,108,83,W
21000521,2011-01-05,2010-11,RS,PHX,Away,24,99,95,W
21000535,2011-01-07,2010-11,RS,NOH,Home,25,101,97,W
21000550,2011-01-09,2010-11,RS,NYK,Home,27,109,87,W
21000560,2011-01-11,2010-11,RS,CLE,Home,13,112,57,W
21000571,2011-01-12,2010-11,RS,GSW,Away,39,115,110,W
21000586,2011-01-14,2010-11,RS,NJN,Home,27,100,88,W
21000596,2011-01-16,2010-11,RS,LAC,Away,27,92,99,L
21000610,2011-01-17,2010-11,RS,OKC,Home,21,101,94,W
21000621,2011-01-19,2010-11,RS,DAL,Away,21,100,109,L
21000637,2011-01-21,2010-11,RS,DEN,Away,18,107,97,W
21000667,2011-01-25,2010-11,RS,UTA,Home,21,120,91,W
21000692,2011-01-28,2010-11,RS,SAC,Home,38,95,100,L
21000702,2011-01-30,2010-11,RS,BOS,Home,41,96,109,L
21000718,2011-02-01,2010-11,RS,HOU,Home,32,114,106,W
21000732,2011-02-03,2010-11,RS,SAS,Home,16,88,89,L
21000748,2011-02-05,2010-11,RS,NOH,Away,32,101,95,W
21000759,2011-02-07,2010-11,RS,MEM,Away,19,93,84,W
21000783,2011-02-10,2010-11,RS,BOS,Away,23,92,86,W
21000793,2011-02-11,2010-11,RS,NYK,Away,33,113,96,W
21000805,2011-02-13,2010-11,RS,ORL,Away,17,75,89,L
21000812,2011-02-14,2010-11,RS,CHA,Away,20,89,109,L
21000827,2011-02-16,2010-11,RS,CLE,Away,17,99,104,L
21000846,2011-02-22,2010-11,RS,ATL,Home,20,104,80,W
21000858,2011-02-23,2010-11,RS,POR,Away,37,106,101,W
21000871,2011-02-25,2010-11,RS,LAC,Home,24,108,95,W
21000880,2011-02-27,2010-11,RS,OKC,Away,17,90,87,W
21000900,2011-03-01,2010-11,RS,MIN,Away,24,90,79,W
21000924,2011-03-04,2010-11,RS,CHA,Home,27,92,84,W
21000932,2011-03-06,2010-11,RS,SAS,Away,26,99,83,W
21000947,2011-03-08,2010-11,RS,ATL,Away,26,101,87,W
21000964,2011-03-10,2010-11,RS,MIA,Away,24,88,94,L
21000982,2011-03-12,2010-11,RS,DAL,Away,16,96,91,W
21000999,2011-03-14,2010-11,RS,ORL,Home,16,97,84,W
21001028,2011-03-18,2010-11,RS,MIN,Home,18,106,98,W
21001043,2011-03-20,2010-11,RS,POR,Home,22,84,80,W
21001053,2011-03-22,2010-11,RS,PHX,Home,42,139,137,W
21001080,2011-03-25,2010-11,RS,LAC,Home,37,112,104,W
21001094,2011-03-27,2010-11,RS,NOH,Home,30,102,84,W
21001119,2011-03-31,2010-11,RS,DAL,Home,28,110,82,W
21001132,2011-04-01,2010-11,RS,UTA,Away,21,96,85,W
21001139,2011-04-03,2010-11,RS,DEN,Home,28,90,95,L
21001161,2011-04-05,2010-11,RS,UTA,Home,20,85,86,L
21001173,2011-04-06,2010-11,RS,GSW,Away,25,87,95,L
21001187,2011-04-08,2010-11,RS,POR,Away,24,86,93,L
21001201,2011-04-10,2010-11,RS,OKC,Home,31,106,120,L
21001215,2011-04-12,2010-11,RS,SAS,Home,27,102,93,W
21001230,2011-04-13,2010-11,RS,SAC,Away,36,116,108,W
41000151,2011-04-17,2010-11,PO,NOH,Home,34,100,109,L
41000152,2011-04-20,2010-11,PO,NOH,Home,11,87,78,W
41000153,2011-04-22,2010-11,PO,NOH,Away,30,100,86,W
41000154,2011-04-24,2010-11,PO,NOH,Away,17,88,93,L
41000155,2011-04-26,2010-11,PO,NOH,Home,19,106,90,W
41000156,2011-04-28,2010-11,PO,NOH,Away,24,98,80,W
41000231,2011-05-02,2010-11,PO,DAL,Home,36,94,96,L
41000232,2011-05-04,2010-11,PO,DAL,Home,23,81,93,L
41000233,2011-05-06,2010-11,PO,DAL,Away,17,92,98,L
41000234,2011-05-08,2010-11,PO,DAL,Away,17,86,122,L
21100003,2011-12-25,2011-12,RS,CHI,Home,28,87,88,L
21100015,2011-12-26,2011-12,RS,SAC,Away,29,91,100,L
21100022,2011-12-27,2011-12,RS,UTA,Home,26,96,71,W
21100038,2011-12-29,2011-12,RS,NYK,Home,28,99,82,W
21100050,2011-12-31,2011-12,RS,DEN,Home,17,92,89,W
21100063,2012-01-01,2011-12,RS,DEN,Away,16,90,99,L
21100081,2012-01-03,2011-12,RS,HOU,Home,37,108,99,W
21100097,2012-01-05,2011-12,RS,POR,Away,30,96,107,L
21100109,2012-01-06,2011-12,RS,GSW,Home,39,97,90,W
21100125,2012-01-08,2011-12,RS,MEM,Home,26,90,82,W
21100141,2012-01-10,2011-12,RS,PHX,Home,48,99,83,W
21100151,2012-01-11,2011-12,RS,UTA,Away,40,90,87,W
21100169,2012-01-13,2011-12,RS,CLE,Home,42,97,92,W
21100180,2012-01-14,2011-12,RS,LAC,Away,42,94,102,L
21100194,2012-01-16,2011-12,RS,DAL,Home,14,73,70,W
21100213,2012-01-19,2011-12,RS,MIA,Away,24,87,98,L
21100223,2012-01-20,2011-12,RS,ORL,Away,30,80,92,L
21100241,2012-01-22,2011-12,RS,IND,Home,33,96,98,L
21100268,2012-01-25,2011-12,RS,LAC,Home,24,96,91,W
21100288,2012-01-28,2011-12,RS,MIL,Away,27,89,100,L
21100297,2012-01-29,2011-12,RS,MIN,Away,35,106,101,W
21100313,2012-01-31,2011-12,RS,CHA,Home,24,106,73,W
21100341,2012-02-03,2011-12,RS,DEN,Away,20,93,89,W
21100351,2012-02-04,2011-12,RS,UTA,Away,26,87,96,L
21100357,2012-02-06,2011-12,RS,PHI,Away,28,90,95,L
21100384,2012-02-09,2011-12,RS,BOS,Away,27,88,87,W
21100395,2012-02-10,2011-12,RS,NYK,Away,34,85,92,L
21100408,2012-02-12,2011-12,RS,TOR,Away,27,94,92,W
21100428,2012-02-14,2011-12,RS,ATL,Home,10,86,78,W
21100455,2012-02-17,2011-12,RS,PHX,Home,36,111,99,W
21100469,2012-02-19,2011-12,RS,PHX,Away,32,90,102,L
21100479,2012-02-20,2011-12,RS,POR,Home,28,103,92,W
21100497,2012-02-22,2011-12,RS,DAL,Away,15,96,91,W
21100502,2012-02-23,2011-12,RS,OKC,Away,24,85,100,L
21100523,2012-02-29,2011-12,RS,MIN,Home,31,104,85,W
21100538,2012-03-02,2011-12,RS,SAC,Home,38,115,107,W
21100547,2012-03-04,2011-12,RS,MIA,Home,33,93,83,W
21100567,2012-03-06,2011-12,RS,DET,Away,22,85,88,L
21100571,2012-03-07,2011-12,RS,WAS,Away,30,101,106,L
21100589,2012-03-09,2011-12,RS,MIN,Away,34,105,102,W
21100604,2012-03-11,2011-12,RS,BOS,Home,26,97,94,W
21100621,2012-03-13,2011-12,RS,MEM,Away,34,116,111,W
21100631,2012-03-14,2011-12,RS,NOH,Away,33,107,101,W
21100652,2012-03-16,2011-12,RS,MIN,Home,28,97,92,W
21100669,2012-03-18,2011-12,RS,UTA,Home,15,99,103,L
21100679,2012-03-20,2011-12,RS,HOU,Away,29,104,107,L
21100692,2012-03-21,2011-12,RS,DAL,Away,30,109,93,W
21100709,2012-03-23,2011-12,RS,POR,Home,18,103,96,W
21100726,2012-03-25,2011-12,RS,MEM,Home,18,96,102,L
21100742,2012-03-27,2011-12,RS,GSW,Away,30,104,101,W
21100756,2012-03-29,2011-12,RS,OKC,Home,23,93,102,L
21100769,2012-03-31,2011-12,RS,NOH,Home,11,88,85,W
21100784,2012-04-01,2011-12,RS,GSW,Home,40,120,112,W
21100798,2012-04-03,2011-12,RS,NJN,Home,24,91,87,W
21100810,2012-04-04,2011-12,RS,LAC,Away,31,113,108,W
21100825,2012-04-06,2011-12,RS,HOU,Home,28,107,112,L
21100941,2012-04-20,2011-12,RS,SAS,Away,18,97,121,L
21100952,2012-04-22,2011-12,RS,OKC,Home,26,114,106,W
41100161,2012-04-29,2011-12,PO,DEN,Home,31,103,88,W
41100162,2012-05-01,2011-12,PO,DEN,Home,38,104,100,W
41100163,2012-05-04,2011-12,PO,DEN,Away,22,84,99,L
41100164,2012-05-06,2011-12,PO,DEN,Away,22,92,88,W
41100165,2012-05-08,2011-12,PO,DEN,Home,43,99,102,L
41100166,2012-05-10,2011-12,PO,DEN,Away,31,96,113,L
41100167,2012-05-12,2011-12,PO,DEN,Home,17,96,87,W
41100231,2012-05-14,2011-12,PO,OKC,Away,20,90,119,L
41100232,2012-05-16,2011-12,PO,OKC,Away,20,75,77,L
41100233,2012-05-18,2011-12,PO,OKC,Home,36,99,96,W
41100234,2012-05-19,2011-12,PO,OKC,Home,38,100,103,L
41100235,2012-05-21,2011-12,PO,OKC,Away,42,90,106,L
21200003,2012-10-30,2012-13,RS,DAL,Home,22,91,99,L
21200012,2012-10-31,2012-13,RS,POR,Away,30,106,116,L
21200025,2012-11-02,2012-13,RS,LAC,Home,40,95,105,L
21200041,2012-11-04,2012-13,RS,DET,Home,15,108,79,W
21200062,2012-11-07,2012-13,RS,UTA,Away,29,86,95,L
21200080,2012-11-09,2012-13,RS,GSW,Home,27,101,77,W
21200094,2012-11-11,2012-13,RS,SAC,Home,20,103,90,W
21200108,2012-11-13,2012-13,RS,SAS,Home,28,82,84,L
21200130,2012-11-16,2012-13,RS,PHX,Home,31,114,102,W
21200146,2012-11-18,2012-13,RS,HOU,Home,22,119,108,W
21200156,2012-11-20,2012-13,RS,BKN,Home,25,95,90,W
21200169,2012-11-21,2012-13,RS,SAC,Away,38,97,113,L
21200177,2012-11-23,2012-13,RS,MEM,Away,30,98,106,L
21200187,2012-11-24,2012-13,RS,DAL,Away,19,115,89,W
21200208,2012-11-27,2012-13,RS,IND,Home,40,77,79,L
21200232,2012-11-30,2012-13,RS,DEN,Home,14,122,103,W
21200244,2012-12-02,2012-13,RS,ORL,Home,34,103,113,L
21200256,2012-12-04,2012-13,RS,HOU,Away,39,105,107,L
21200263,2012-12-05,2012-13,RS,NOH,Away,29,103,87,W
21200280,2012-12-07,2012-13,RS,OKC,Away,35,108,114,L
21200297,2012-12-09,2012-13,RS,UTA,Home,34,110,117,L
21200305,2012-12-11,2012-13,RS,CLE,Away,42,94,100,L
21200323,2012-12-13,2012-13,RS,NYK,Away,31,107,116,L
21200326,2012-12-14,2012-13,RS,WAS,Away,30,102,96,W
21200347,2012-12-16,2012-13,RS,PHI,Away,34,111,98,W
21200364,2012-12-18,2012-13,RS,CHA,Home,30,101,100,W
21200398,2012-12-22,2012-13,RS,GSW,Away,34,118,115,W
21200406,2012-12-25,2012-13,RS,NYK,Home,34,100,94,W
21200419,2012-12-26,2012-13,RS,DEN,Away,40,114,126,L
21200435,2012-12-28,2012-13,RS,POR,Home,27,104,87,W
21200463,2013-01-01,2012-13,RS,PHI,Home,36,99,103,L
21200488,2013-01-04,2012-13,RS,LAC,Away,38,102,107,L
21200503,2013-01-06,2012-13,RS,DEN,Home,29,105,112,L
21200514,2013-01-08,2012-13,RS,HOU,Away,20,112,125,L
21200522,2013-01-09,2012-13,RS,SAS,Away,27,105,108,L
21200539,2013-01-11,2012-13,RS,OKC,Home,28,101,116,L
21200555,2013-01-13,2012-13,RS,CLE,Home,23,113,93,W
21200569,2013-01-15,2012-13,RS,MIL,Home,31,104,88,W
21200583,2013-01-17,2012-13,RS,MIA,Home,22,90,99,L
21200601,2013-01-20,2012-13,RS,TOR,Away,26,103,108,L
21200612,2013-01-21,2012-13,RS,CHI,Away,16,83,95,L
21200621,2013-01-23,2012-13,RS,MEM,Away,29,93,106,L
21200641,2013-01-25,2012-13,RS,UTA,Home,14,102,84,W
21200653,2013-01-27,2012-13,RS,OKC,Home,21,105,96,W
21200669,2013-01-29,2012-13,RS,NOH,Home,14,111,106,W
21200681,2013-01-30,2012-13,RS,PHX,Away,17,86,92,L
21200695,2013-02-01,2012-13,RS,MIN,Away,17,111,100,W
21200706,2013-02-03,2012-13,RS,DET,Away,18,98,97,W
21200716,2013-02-05,2012-13,RS,BKN,Away,21,92,83,W
21200733,2013-02-07,2012-13,RS,BOS,Away,27,95,116,L
21200736,2013-02-08,2012-13,RS,CHA,Away,20,100,93,W
21200753,2013-02-10,2012-13,RS,MIA,Away,28,97,107,L
21200773,2013-02-12,2012-13,RS,PHX,Home,4,91,85,W
21200788,2013-02-14,2012-13,RS,LAC,Home,20,101,125,L
21200807,2013-02-20,2012-13,RS,BOS,Home,16,113,99,W
21200821,2013-02-22,2012-13,RS,POR,Home,40,111,107,W
21200830,2013-02-24,2012-13,RS,DAL,Away,38,103,99,W
21200841,2013-02-25,2012-13,RS,DEN,Away,29,108,119,L
21200863,2013-02-28,2012-13,RS,MIN,Home,33,116,94,W
21200888,2013-03-03,2012-13,RS,ATL,Home,34,99,98,W
21200897,2013-03-05,2012-13,RS,OKC,Away,30,105,122,L
21200906,2013-03-06,2012-13,RS,NOH,Away,42,108,102,W
21200925,2013-03-08,2012-13,RS,TOR,Home,41,118,116,W
21200935,2013-03-10,2012-13,RS,CHI,Home,19,90,81,W
21200949,2013-03-12,2012-13,RS,ORL,Away,11,106,97,W
21200960,2013-03-13,2012-13,RS,ATL,Away,31,92,96,L
21200971,2013-03-15,2012-13,RS,IND,Away,0,99,93,W
21201032,2013-03-22,2012-13,RS,WAS,Home,21,100,103,L
21201053,2013-03-25,2012-13,RS,GSW,Away,36,103,109,L
21201066,2013-03-27,2012-13,RS,MIN,Away,31,120,117,W
21201071,2013-03-28,2012-13,RS,MIL,Away,30,103,113,L
21201093,2013-03-30,2012-13,RS,SAC,Away,19,103,98,W
21201110,2013-04-02,2012-13,RS,DAL,Home,23,101,81,W
21201137,2013-04-05,2012-13,RS,MEM,Home,24,86,84,W
21201146,2013-04-07,2012-13,RS,LAC,Away,25,95,109,L
21201162,2013-04-09,2012-13,RS,NOH,Home,30,104,96,W
21201171,2013-04-10,2012-13,RS,POR,Away,47,113,106,W
21201189,2013-04-12,2012-13,RS,GSW,Home,34,118,116,W
21300303,2013-12-08,2013-14,RS,TOR,Home,9,94,106,L
21300317,2013-12-10,2013-14,RS,PHX,Home,20,108,114,L
21300336,2013-12-13,2013-14,RS,OKC,Away,4,97,122,L
21300342,2013-12-14,2013-14,RS,CHA,Away,21,88,85,W
21300357,2013-12-16,2013-14,RS,ATL,Away,8,100,114,L
21300366,2013-12-17,2013-14,RS,MEM,Away,21,96,92,W
21400003,2014-10-28,2014-15,RS,HOU,Home,19,90,108,L
21400013,2014-10-29,2014-15,RS,PHX,Away,31,99,119,L
21400026,2014-10-31,2014-15,RS,LAC,Home,21,111,118,L
21400038,2014-11-01,2014-15,RS,GSW,Away,28,104,127,L
21400056,2014-11-04,2014-15,RS,PHX,Home,39,106,112,L
21400097,2014-11-09,2014-15,RS,CHA,Home,21,107,92,W
21400104,2014-11-11,2014-15,RS,MEM,Away,28,102,107,L
21400114,2014-11-12,2014-15,RS,NOP,Away,33,102,109,L
21400131,2014-11-14,2014-15,RS,SAS,Home,9,80,93,L
21400145,2014-11-16,2014-15,RS,GSW,Home,44,115,136,L
21400155,2014-11-18,2014-15,RS,ATL,Away,28,114,109,W
21400169,2014-11-19,2014-15,RS,HOU,Away,29,98,92,W
21400180,2014-11-21,2014-15,RS,DAL,Away,17,106,140,L
21400197,2014-11-23,2014-15,RS,DEN,Home,27,94,101,L
21400222,2014-11-26,2014-15,RS,MEM,Home,22,93,99,L
21400234,2014-11-28,2014-15,RS,MIN,Home,26,119,120,L
21400248,2014-11-30,2014-15,RS,TOR,Home,31,129,122,W
21400255,2014-12-02,2014-15,RS,DET,Away,12,106,96,W
21400264,2014-12-03,2014-15,RS,WAS,Away,29,95,111,L
21400279,2014-12-05,2014-15,RS,BOS,Away,22,96,113,L
21400300,2014-12-07,2014-15,RS,NOP,Home,14,87,104,L
21400315,2014-12-09,2014-15,RS,SAC,Home,32,98,95,W
21400339,2014-12-12,2014-15,RS,SAS,Away,22,112,110,W
21400351,2014-12-14,2014-15,RS,MIN,Away,26,100,94,W
21400356,2014-12-15,2014-15,RS,IND,Away,21,91,110,L
21400392,2014-12-19,2014-15,RS,OKC,Home,9,103,104,L
21400402,2014-12-21,2014-15,RS,SAC,Away,25,101,108,L
21400458,2014-12-28,2014-15,RS,PHX,Home,10,107,116,L
21400471,2014-12-30,2014-15,RS,DEN,Away,23,111,103,W
21400494,2015-01-02,2014-15,RS,MEM,Home,15,106,109,L
21400508,2015-01-04,2014-15,RS,IND,Home,20,88,87,W
21400534,2015-01-07,2014-15,RS,LAC,Away,4,89,114,L
21400573,2015-01-13,2014-15,RS,MIA,Home,12,75,78,L
21400586,2015-01-15,2014-15,RS,CLE,Home,19,102,109,L
21400632,2015-01-21,2014-15,RS,NOP,Away,14,80,96,L
21500017,2015-10-28,2015-16,RS,MIN,Home,24,111,112,L
21500031,2015-10-30,2015-16,RS,SAC,Away,13,114,132,L
21500045,2015-11-01,2015-16,RS,DAL,Home,15,93,103,L
21500059,2015-11-03,2015-16,RS,DEN,Home,11,109,120,L
21500077,2015-11-06,2015-16,RS,BKN,Away,18,104,98,W
21500095,2015-11-08,2015-16,RS,NYK,Away,18,95,99,L
21500135,2015-11-13,2015-16,RS,DAL,Away,19,82,90,L
21500151,2015-11-15,2015-16,RS,DET,Home,17,97,85,W
21500188,2015-11-20,2015-16,RS,TOR,Home,10,91,102,L
21500201,2015-11-22,2015-16,RS,POR,Home,18,93,107,L
21500214,2015-11-24,2015-16,RS,GSW,Away,4,77,111,L
21500244,2015-11-28,2015-16,RS,POR,Away,21,96,108,L
21500253,2015-11-29,2015-16,RS,IND,Home,13,103,107,L
21500263,2015-12-01,2015-16,RS,PHI,Away,20,91,103,L
21500269,2015-12-02,2015-16,RS,WAS,Away,31,108,104,W
21500286,2015-12-04,2015-16,RS,ATL,Away,14,87,100,L
21500301,2015-12-06,2015-16,RS,DET,Away,5,91,111,L
21500308,2015-12-07,2015-16,RS,TOR,Away,21,93,102,L
21500325,2015-12-09,2015-16,RS,MIN,Away,11,122,123,L
21500342,2015-12-11,2015-16,RS,SAS,Away,12,87,109,L
21500349,2015-12-12,2015-16,RS,HOU,Away,25,97,126,L
21500370,2015-12-15,2015-16,RS,MIL,Home,22,113,95,W
21500385,2015-12-17,2015-16,RS,HOU,Home,22,87,107,L
21500422,2015-12-22,2015-16,RS,DEN,Away,31,111,107,W
21500435,2015-12-23,2015-16,RS,OKC,Home,19,85,120,L
21500440,2015-12-25,2015-16,RS,LAC,Home,12,84,94,L
21500455,2015-12-27,2015-16,RS,MEM,Away,19,96,112,L
21500458,2015-12-28,2015-16,RS,CHA,Away,20,98,108,L
21500476,2015-12-30,2015-16,RS,BOS,Away,15,112,104,W
21500539,2016-01-07,2015-16,RS,SAC,Away,28,115,118,L
21500549,2016-01-08,2015-16,RS,OKC,Home,19,113,117,L
21500576,2016-01-12,2015-16,RS,NOP,Home,7,95,91,W
21500592,2016-01-14,2015-16,RS,GSW,Away,8,98,116,L
21500608,2016-01-16,2015-16,RS,UTA,Away,5,82,109,L
21500614,2016-01-17,2015-16,RS,HOU,Home,5,95,112,L
21500638,2016-01-20,2015-16,RS,SAC,Home,15,93,112,L
21500653,2016-01-22,2015-16,RS,SAS,Home,5,95,108,L
21500662,2016-01-23,2015-16,RS,POR,Away,10,103,121,L
21500697,2016-01-28,2015-16,RS,CHI,Home,10,91,114,L
21500720,2016-01-31,2015-16,RS,CHA,Home,23,82,101,L
21500734,2016-02-02,2015-16,RS,MIN,Home,38,119,115,W
21500747,2016-02-04,2015-16,RS,NOP,Away,27,99,96,W
21500767,2016-02-06,2015-16,RS,SAS,Away,25,102,106,L
21500776,2016-02-08,2015-16,RS,IND,Away,19,87,89,L
21500795,2016-02-10,2015-16,RS,CLE,Away,17,111,120,L
21500818,2016-02-19,2015-16,RS,SAS,Home,25,113,119,L
21500831,2016-02-21,2015-16,RS,CHI,Away,22,115,126,L
21500837,2016-02-22,2015-16,RS,MIL,Away,15,101,108,L
21500851,2016-02-24,2015-16,RS,MEM,Away,13,119,128,L
21500906,2016-03-02,2015-16,RS,DEN,Away,5,107,117,L
21500931,2016-03-06,2015-16,RS,GSW,Home,12,112,95,W
21500962,2016-03-10,2015-16,RS,CLE,Home,26,108,120,L
21500987,2016-03-13,2015-16,RS,NYK,Home,14,87,90,L
21501055,2016-03-22,2015-16,RS,MEM,Home,20,107,100,W
21501065,2016-03-23,2015-16,RS,PHX,Away,17,107,119,L
21501081,2016-03-25,2015-16,RS,DEN,Home,28,105,116,L
21501096,2016-03-27,2015-16,RS,WAS,Home,17,88,101,L
21501104,2016-03-28,2015-16,RS,UTA,Away,5,75,123,L
21501121,2016-03-30,2015-16,RS,MIA,Home,2,102,100,W
21501153,2016-04-03,2015-16,RS,BOS,Home,34,100,107,L
21501164,2016-04-05,2015-16,RS,LAC,Away,6,81,103,L
21501172,2016-04-06,2015-16,RS,LAC,Home,17,81,91,L
21501184,2016-04-08,2015-16,RS,NOP,Away,14,102,110,L
21501195,2016-04-10,2015-16,RS,HOU,Away,35,110,130,L
21501209,2016-04-11,2015-16,RS,OKC,Away,13,79,112,L
21501228,2016-04-13,2015-16,RS,UTA,Home,60,101,96,W
49600032,,1996-97,PO,,,0,95,91,W
29601173,,1996-97,RS,,,5,123,95,W
29601189,,1996-97,RS,,,2,96,100,L
29600031,,1996-97,RS,NYK,Away,1,98,92,W
29600337,,1996-97,RS,,,0,111,105,W
29600968,,1996-97,RS,,,0,98,97,W
49700054,,1997-98,PO,,,0,112,100,W
20300894,,2003-04,RS,,,0,99,91,W
